soil_moisture,air_humidity,air_temp,light_intensity,rain_detected,crop_type,water
51,73,29,7401,0,pomelo,40.64
92,40,27,7629,0,pomelo,20.16
14,93,43,5541,0,pomelo,44.38
71,57,32,8876,0,pomelo,27.21
60,65,30,9533,0,pomelo,32.1
20,23,32,9324,0,pomelo,43.57
82,79,36,1264,0,pomelo,25.42
86,76,29,2434,0,pomelo,29.44
74,64,27,6327,0,pomelo,35.11
74,39,34,6097,1,pomelo,10.0
87,36,29,2660,0,pomelo,27.07
99,90,24,6692,0,pomelo,19.56
23,23,23,3354,1,pomelo,10.0
2,33,37,9457,0,pomelo,48.48
21,22,30,7461,0,pomelo,45.48
52,99,27,8044,0,pomelo,34.78
1,77,28,6497,0,pomelo,50.0
87,74,34,5549,0,pomelo,23.89
29,23,28,7334,0,pomelo,45.02
37,43,22,7010,0,pomelo,43.09
1,53,31,5926,0,pomelo,48.67
63,49,36,7065,0,pomelo,32.68
59,38,35,3179,0,pomelo,37.47
20,50,27,5967,0,pomelo,41.06
32,79,36,1634,0,pomelo,38.89
75,79,31,4631,0,pomelo,26.76
57,38,36,5677,0,pomelo,32.94
21,68,32,3218,0,pomelo,38.83
88,82,22,2389,1,pomelo,10.0
48,41,38,5276,0,pomelo,39.08
90,43,30,2249,0,pomelo,24.14
58,95,32,8640,1,pomelo,10.0
41,49,23,6712,0,pomelo,40.99
91,77,32,2245,0,pomelo,23.85
59,50,35,9245,0,pomelo,30.75
79,83,39,1442,0,pomelo,27.6
14,38,37,7976,0,pomelo,45.42
61,67,32,5675,0,pomelo,26.05
61,64,22,8953,0,pomelo,33.98
46,74,30,5377,0,pomelo,36.37
61,74,27,8058,0,pomelo,35.39
50,37,31,1822,0,pomelo,43.9
54,82,23,3939,0,pomelo,37.33
63,66,28,8096,0,pomelo,38.86
2,94,27,6765,0,pomelo,48.94
50,76,27,2031,0,pomelo,34.73
6,64,27,1562,0,pomelo,49.06
20,52,29,1340,0,pomelo,46.48
72,36,31,5567,0,pomelo,27.28
38,89,17,8862,0,pomelo,37.36
17,23,18,3296,0,pomelo,48.37
3,39,28,1234,1,pomelo,10.0
88,66,29,6202,1,pomelo,10.0
59,34,30,2291,0,pomelo,29.87
13,89,26,5727,0,pomelo,50.0
8,66,30,9720,0,pomelo,50.0
89,97,30,3939,0,pomelo,22.02
52,94,26,6435,0,pomelo,37.57
1,28,35,7981,1,pomelo,10.0
83,35,30,6392,0,pomelo,24.46
91,88,32,8972,0,pomelo,23.14
59,80,30,2233,0,pomelo,33.17
70,29,40,3800,0,pomelo,26.99
43,69,32,3775,0,pomelo,40.19
7,22,27,7044,0,pomelo,46.14
46,96,34,4487,0,pomelo,38.01
34,89,21,8383,0,pomelo,43.51
77,70,30,4850,0,pomelo,23.69
80,38,31,5997,0,pomelo,24.42
35,61,30,1890,0,pomelo,37.22
49,54,28,6920,0,pomelo,35.6
3,65,24,2188,0,pomelo,50.0
1,45,26,6644,0,pomelo,48.71
5,88,30,1740,0,pomelo,50.0
53,83,24,2369,0,pomelo,39.47
3,56,38,3000,0,pomelo,50.0
53,68,16,2471,0,pomelo,29.75
92,40,28,2536,0,pomelo,29.64
62,93,30,1318,1,pomelo,10.0
17,83,32,6153,0,pomelo,46.0
89,24,25,2894,0,pomelo,25.44
43,89,35,8991,0,pomelo,36.79
33,23,23,9592,0,pomelo,38.54
73,58,27,6935,0,pomelo,30.78
61,54,33,1723,0,pomelo,36.94
99,20,35,3329,0,pomelo,20.76
13,43,22,3770,0,pomelo,45.35
94,76,43,8545,1,pomelo,10.0
47,89,25,5846,0,pomelo,33.32
14,60,23,1267,0,pomelo,47.32
71,73,32,1569,0,pomelo,27.07
77,65,28,2973,0,pomelo,30.41
86,79,27,9737,0,pomelo,29.91
61,79,32,3822,0,pomelo,33.71
39,76,22,5460,0,pomelo,40.64
84,50,21,1270,0,pomelo,27.2
79,43,27,8641,0,pomelo,28.11
81,55,35,9930,0,pomelo,22.22
52,49,27,7680,0,pomelo,37.81
23,43,37,2257,0,pomelo,39.46
25,49,36,9250,1,pomelo,10.0
88,26,31,6370,0,pomelo,27.75
59,54,31,5858,0,pomelo,32.01
40,74,31,9581,0,pomelo,41.29
28,33,30,9910,0,pomelo,38.18
14,29,28,7999,0,pomelo,49.67
44,99,28,1120,1,pomelo,10.0
64,35,24,7908,0,pomelo,37.09
88,73,18,3303,0,pomelo,23.16
70,96,35,5861,0,pomelo,28.66
8,89,30,3911,0,pomelo,49.6
87,63,30,9991,0,pomelo,26.05
0,92,31,8236,0,pomelo,49.78
7,64,25,6565,0,pomelo,48.35
87,75,24,7531,1,pomelo,10.0
62,76,28,2109,0,pomelo,33.56
10,40,36,7929,0,pomelo,47.86
80,87,24,2250,1,pomelo,10.0
7,69,16,9177,0,pomelo,49.82
34,52,27,2649,0,pomelo,38.92
34,26,35,8351,0,pomelo,43.43
32,89,21,6911,0,pomelo,43.52
4,34,24,3956,1,pomelo,10.0
40,51,31,6828,1,pomelo,10.0
27,94,42,5994,1,pomelo,10.0
6,39,23,7436,0,pomelo,43.78
72,34,23,9676,0,pomelo,34.45
71,67,31,8614,1,pomelo,10.0
11,90,36,9994,1,pomelo,10.0
33,40,26,2715,0,pomelo,40.11
32,61,21,9150,0,pomelo,43.4
47,45,32,4483,0,pomelo,37.62
22,33,33,8675,0,pomelo,39.35
61,76,38,2757,0,pomelo,30.23
87,56,33,2809,1,pomelo,10.0
36,77,34,6539,1,pomelo,10.0
98,40,28,7048,0,pomelo,25.95
43,88,42,2151,0,pomelo,38.97
85,22,28,6492,0,pomelo,25.03
90,56,26,7711,0,pomelo,26.95
34,68,39,7302,0,pomelo,41.54
64,38,22,5747,0,pomelo,35.79
98,31,20,9402,1,pomelo,10.0
46,80,30,5681,1,pomelo,10.0
77,60,29,3507,0,pomelo,24.66
2,52,28,3963,0,pomelo,50.0
0,69,34,4428,1,pomelo,10.0
4,87,25,8494,0,pomelo,49.41
89,90,30,4955,0,pomelo,24.63
13,52,28,4705,0,pomelo,46.45
26,43,25,5038,0,pomelo,44.89
8,80,29,1713,0,pomelo,46.21
78,80,34,8260,0,pomelo,26.12
14,47,40,8011,1,pomelo,10.0
89,77,32,9879,0,pomelo,24.45
41,62,17,9521,1,pomelo,10.0
76,60,29,2746,1,pomelo,10.0
50,58,30,2207,0,pomelo,39.67
62,68,34,1784,0,pomelo,34.91
95,36,30,3696,0,pomelo,25.96
51,89,36,8073,0,pomelo,37.11
95,89,31,6036,0,pomelo,27.84
3,84,37,8127,0,pomelo,47.83
93,93,27,4718,0,pomelo,23.23
22,24,30,6775,0,pomelo,43.8
14,21,34,8910,1,pomelo,10.0
42,41,27,3693,0,pomelo,38.82
28,76,26,1625,0,pomelo,39.09
35,85,26,4708,0,pomelo,42.09
12,93,26,7859,0,pomelo,49.69
31,35,32,9953,0,pomelo,40.53
70,70,20,8692,0,pomelo,26.73
58,58,22,7398,0,pomelo,35.26
85,95,39,8252,0,pomelo,19.82
27,59,26,2555,0,pomelo,44.98
65,57,31,9867,0,pomelo,31.66
41,79,22,5187,0,pomelo,40.95
44,78,30,8767,0,pomelo,34.62
61,29,26,1036,1,pomelo,10.0
56,83,22,2787,0,pomelo,39.58
5,82,36,7283,1,pomelo,10.0
27,68,35,9060,0,pomelo,42.41
27,83,29,9065,0,pomelo,40.36
43,51,34,4880,0,pomelo,39.04
83,26,39,6932,0,pomelo,24.59
29,40,33,9328,0,pomelo,47.21
61,39,32,7333,1,pomelo,10.0
74,45,30,6759,0,pomelo,27.14
91,87,33,7485,1,pomelo,10.0
88,34,28,6067,0,pomelo,21.26
61,98,28,1661,0,pomelo,33.97
96,33,32,8973,1,pomelo,10.0
0,46,27,7386,0,pomelo,50.0
26,59,28,8887,0,pomelo,50.0
61,77,30,1414,1,pomelo,10.0
76,47,35,7850,0,pomelo,37.46
2,45,24,9534,0,pomelo,46.94
69,82,33,3729,1,pomelo,10.0
71,85,33,4897,0,pomelo,28.69
26,44,33,3169,1,pomelo,10.0
8,22,25,2878,0,pomelo,45.87
61,91,21,7454,0,pomelo,33.76
36,63,32,5570,0,pomelo,47.23
96,61,30,2515,0,pomelo,19.74
50,25,35,1574,0,pomelo,34.93
43,58,26,3867,0,pomelo,37.16
23,71,33,4544,0,pomelo,40.49
78,42,35,5477,0,pomelo,31.98
58,69,29,1071,0,pomelo,29.18
31,62,32,3980,0,pomelo,41.05
95,38,31,6492,0,pomelo,22.56
87,88,25,5759,0,pomelo,25.8
51,70,32,9084,0,pomelo,34.35
61,30,38,1039,0,pomelo,35.94
57,31,30,6373,0,pomelo,27.56
51,93,22,8565,0,pomelo,38.61
11,27,26,2900,0,pomelo,49.94
38,43,21,3217,0,pomelo,42.26
1,60,36,5796,0,pomelo,47.01
2,55,33,5606,1,pomelo,10.0
55,91,27,2283,1,pomelo,10.0
80,74,22,9775,0,pomelo,32.22
58,28,25,9650,0,pomelo,38.06
1,66,26,1815,1,pomelo,10.0
1,34,30,3511,0,pomelo,48.1
91,67,30,1246,0,pomelo,20.11
53,61,36,5825,0,pomelo,29.73
86,79,26,7516,0,pomelo,26.68
95,89,22,1416,0,pomelo,24.24
96,31,24,7702,0,pomelo,22.32
0,21,29,4717,0,pomelo,50.0
18,26,26,1107,0,pomelo,45.02
1,99,28,5513,1,pomelo,10.0
52,22,27,2421,0,pomelo,36.56
43,22,34,8283,0,pomelo,36.72
89,46,27,1255,0,pomelo,30.79
31,59,28,8248,0,pomelo,36.13
69,52,33,3962,0,pomelo,28.77
31,20,27,3282,0,pomelo,44.14
67,27,32,9744,0,pomelo,29.83
54,51,31,9372,0,pomelo,30.69
74,67,30,2477,0,pomelo,29.33
55,23,24,9762,0,pomelo,30.84
16,89,36,5952,0,pomelo,47.01
37,38,41,6880,0,pomelo,36.46
23,51,30,6592,0,pomelo,42.36
68,28,24,8091,0,pomelo,34.94
97,31,30,1591,0,pomelo,18.89
69,30,34,7277,0,pomelo,24.87
85,65,26,3260,0,pomelo,23.57
10,35,29,1347,0,pomelo,50.0
15,20,31,9357,1,pomelo,10.0
96,82,36,6032,1,pomelo,10.0
72,40,33,5443,0,pomelo,25.79
58,49,34,9774,0,pomelo,33.9
69,32,27,7869,0,pomelo,33.43
79,53,32,6696,0,pomelo,24.08
92,23,26,4038,0,pomelo,21.38
2,47,34,3845,0,pomelo,50.0
19,78,35,8864,0,pomelo,44.98
58,46,32,7609,0,pomelo,37.24
35,88,28,2265,0,pomelo,38.59
18,44,28,3274,0,pomelo,44.87
89,22,39,3470,0,pomelo,31.02
66,87,28,3577,0,pomelo,26.22
18,44,35,4660,0,pomelo,38.61
19,39,31,2068,0,pomelo,40.95
95,53,28,6591,0,pomelo,26.2
70,45,23,6974,0,pomelo,30.09
51,24,31,5829,0,pomelo,34.18
32,80,30,2950,0,pomelo,38.5
39,28,39,9283,0,pomelo,40.26
38,69,25,4093,0,pomelo,36.5
81,25,41,6311,0,pomelo,22.76
0,79,31,2387,0,pomelo,48.02
10,63,31,5274,1,pomelo,10.0
91,30,27,3285,0,pomelo,16.28
56,85,31,4206,0,pomelo,32.57
88,66,32,3924,0,pomelo,24.02
49,92,34,8045,1,pomelo,10.0
22,22,25,9471,0,pomelo,43.07
30,95,37,2618,0,pomelo,39.8
93,49,31,9562,0,pomelo,22.17
41,40,33,6896,1,pomelo,10.0
98,47,28,8843,0,pomelo,21.6
6,81,25,8063,0,pomelo,47.04
15,52,30,9495,0,pomelo,43.17
89,54,30,2348,0,pomelo,24.44
59,71,23,6556,1,pomelo,10.0
1,53,33,6289,0,pomelo,45.67
0,60,34,3422,0,pomelo,49.56
47,70,26,4628,1,pomelo,10.0
11,66,24,3428,1,pomelo,10.0
68,77,28,4033,0,pomelo,35.91
36,94,30,7157,0,pomelo,40.08
31,76,28,9860,0,pomelo,36.62
8,42,29,9691,0,pomelo,49.34
98,67,31,8813,1,pomelo,10.0
18,41,23,2414,1,pomelo,10.0
47,36,23,7708,0,pomelo,40.76
79,88,16,9721,1,pomelo,10.0
2,30,34,7635,0,pomelo,47.21
19,34,30,4621,0,pomelo,44.4
23,54,35,6315,0,pomelo,40.47
53,52,24,1754,1,pomelo,10.0
32,35,30,3347,0,pomelo,40.01
23,53,31,1726,0,pomelo,41.9
74,85,27,5923,1,pomelo,10.0
71,59,22,3649,0,pomelo,32.61
35,47,38,3815,0,pomelo,43.87
37,66,36,4279,1,pomelo,10.0
83,58,28,3984,0,pomelo,26.67
98,89,32,4807,1,pomelo,10.0
88,92,27,8876,1,pomelo,10.0
98,39,25,7099,0,pomelo,17.97
24,20,39,1607,0,pomelo,49.59
92,91,21,7169,0,pomelo,26.95
17,82,28,8790,0,pomelo,48.66
81,86,30,6573,0,pomelo,26.51
65,23,38,1634,0,pomelo,30.6
53,77,34,2074,0,pomelo,33.27
34,44,21,2914,0,pomelo,45.31
79,66,29,1588,0,pomelo,26.07
60,57,30,4231,0,pomelo,34.47
40,34,28,7351,0,pomelo,42.31
99,82,33,4838,0,pomelo,24.44
32,40,22,2973,0,pomelo,46.1
67,76,27,6044,0,pomelo,28.43
32,72,32,7103,0,pomelo,45.72
13,65,33,7683,0,pomelo,48.49
20,33,30,6837,0,pomelo,45.92
47,95,28,7783,0,pomelo,38.56
19,36,29,6594,0,pomelo,45.02
7,58,33,4822,0,pomelo,46.9
6,28,30,4389,0,pomelo,48.09
66,96,24,6914,0,pomelo,36.26
16,98,23,2780,0,pomelo,47.84
32,25,22,4688,0,pomelo,43.85
47,42,37,8211,1,pomelo,10.0
75,78,34,6037,0,pomelo,27.88
58,65,29,7319,0,pomelo,31.8
85,57,27,9640,1,pomelo,10.0
21,33,27,1081,0,pomelo,38.86
29,91,35,7278,0,pomelo,43.61
37,81,39,7999,0,pomelo,40.09
50,54,26,2406,0,pomelo,36.77
53,38,35,8410,0,pomelo,30.83
7,49,30,2480,0,pomelo,50.0
26,97,28,4598,0,pomelo,42.58
26,44,37,8993,0,pomelo,42.54
97,59,29,5183,0,pomelo,19.99
20,33,31,4680,0,pomelo,40.75
29,45,31,8644,0,pomelo,43.87
96,41,21,5310,0,pomelo,19.5
27,67,31,2758,0,pomelo,43.39
63,70,27,3599,0,pomelo,33.4
96,22,22,6616,0,pomelo,20.44
68,61,27,6813,0,pomelo,27.31
60,38,27,4853,0,pomelo,31.29
47,92,35,3292,0,pomelo,34.02
18,47,24,2501,0,pomelo,42.21
3,64,26,9422,0,pomelo,47.52
34,90,31,8550,0,pomelo,40.83
63,97,23,5250,0,pomelo,39.47
48,82,26,7991,0,pomelo,40.42
16,92,21,1114,0,pomelo,48.48
43,38,34,5406,0,pomelo,40.69
91,66,28,3347,1,pomelo,10.0
29,33,29,2041,0,pomelo,45.97
92,57,34,7927,0,pomelo,21.69
45,72,26,1011,0,pomelo,39.07
5,80,28,8980,0,pomelo,50.0
98,55,24,8871,0,pomelo,26.14
36,59,24,7375,0,pomelo,44.77
23,49,25,8098,0,pomelo,42.02
92,28,27,4676,0,pomelo,27.53
45,83,28,7109,0,pomelo,43.47
52,52,31,6397,0,pomelo,39.68
94,71,25,4065,0,pomelo,20.54
98,33,31,3036,0,pomelo,17.39
59,94,32,4046,0,pomelo,34.3
96,72,27,1540,0,pomelo,27.22
62,78,25,1076,0,pomelo,34.08
84,97,30,4067,1,pomelo,10.0
31,60,28,1023,0,pomelo,41.4
86,87,31,6134,0,pomelo,24.73
32,87,37,1675,0,pomelo,43.06
66,27,30,7668,0,pomelo,30.24
17,21,26,5267,1,pomelo,10.0
24,60,25,6988,1,pomelo,10.0
94,74,25,8652,0,pomelo,25.24
53,35,22,9680,0,pomelo,36.31
57,81,34,2485,0,pomelo,30.43
66,67,18,4659,0,pomelo,30.7
45,49,32,3419,0,pomelo,38.68
23,31,25,8740,0,pomelo,36.98
31,54,27,8143,0,pomelo,43.74
46,30,25,4495,0,pomelo,37.69
85,83,37,1756,1,pomelo,10.0
22,69,30,9448,0,pomelo,47.24
65,40,33,2779,0,pomelo,32.7
26,88,36,7487,0,pomelo,42.13
1,67,30,1258,0,pomelo,47.5
89,39,24,5075,0,pomelo,22.46
16,86,28,9498,0,pomelo,44.67
32,63,26,9014,0,pomelo,44.81
8,52,27,2118,0,pomelo,50.0
42,92,29,8631,0,pomelo,39.59
47,80,29,4017,0,pomelo,35.33
38,28,32,5341,0,pomelo,37.74
92,87,32,2658,0,pomelo,21.68
41,54,29,9378,0,pomelo,42.02
25,84,32,2797,0,pomelo,41.72
98,27,27,1784,0,pomelo,22.07
49,64,36,6691,0,pomelo,39.13
24,66,27,4196,0,pomelo,42.7
23,59,35,9532,0,pomelo,44.77
12,95,22,1562,0,pomelo,50.0
59,73,28,5746,0,pomelo,33.89
6,95,28,3999,0,pomelo,50.0
56,65,31,2193,0,pomelo,39.0
35,66,34,1068,0,pomelo,40.49
44,34,23,6679,0,pomelo,36.79
19,38,24,3428,0,pomelo,44.23
64,45,22,7200,0,pomelo,34.04
7,71,36,6396,0,pomelo,44.43
15,41,31,7993,1,pomelo,10.0
13,40,24,4598,0,pomelo,49.11
75,70,27,1573,0,pomelo,34.16
86,57,35,5214,0,pomelo,24.39
14,39,28,8636,1,pomelo,10.0
91,48,28,2478,1,pomelo,10.0
97,70,26,7127,0,pomelo,22.64
65,23,24,7676,0,pomelo,35.26
31,74,35,3196,1,pomelo,10.0
86,90,38,9166,0,pomelo,25.17
62,47,25,9846,0,pomelo,29.96
85,23,37,7050,0,pomelo,22.73
50,41,27,5650,0,pomelo,42.28
24,95,32,9484,0,pomelo,44.38
57,64,37,5526,0,pomelo,29.48
62,86,29,5412,0,pomelo,32.02
61,85,28,6443,0,pomelo,27.75
21,53,34,9787,0,pomelo,38.33
57,74,24,3593,0,pomelo,38.05
57,20,35,7852,0,pomelo,32.89
85,91,30,7629,0,pomelo,27.06
48,57,27,4869,0,pomelo,40.67
51,25,26,8971,1,pomelo,10.0
41,44,23,8822,0,pomelo,41.12
69,36,27,3989,0,pomelo,33.1
14,80,28,8062,0,pomelo,47.97
53,31,24,6340,0,pomelo,40.16
59,25,29,4823,0,pomelo,38.82
96,46,32,4932,1,pomelo,10.0
7,27,28,9554,0,pomelo,49.9
52,84,33,3429,0,pomelo,35.27
59,76,25,8444,0,pomelo,35.26
4,59,35,8147,0,pomelo,48.48
67,33,30,8631,0,pomelo,29.7
5,54,37,4598,0,pomelo,50.0
95,67,42,5329,0,pomelo,18.9
93,75,27,7718,1,pomelo,10.0
46,68,27,9218,0,pomelo,36.43
98,32,28,1092,0,pomelo,24.7
54,80,32,9500,0,pomelo,37.33
39,68,36,1051,0,pomelo,45.1
51,65,26,1318,0,pomelo,40.16
15,81,31,6688,0,pomelo,48.78
12,27,29,8018,0,pomelo,50.0
29,62,33,8210,1,pomelo,10.0
18,39,37,4956,0,pomelo,43.76
16,58,28,7057,0,pomelo,48.29
62,68,21,7875,1,pomelo,10.0
18,83,33,5431,0,pomelo,46.83
91,81,25,2525,0,pomelo,23.07
57,73,29,8043,0,pomelo,33.95
54,28,33,2278,0,pomelo,37.06
89,56,31,9705,0,pomelo,24.04
89,68,29,7125,0,pomelo,26.33
61,60,27,8874,0,pomelo,35.99
22,36,15,7900,0,pomelo,49.95
8,40,33,3500,0,pomelo,50.0
11,70,28,4464,0,pomelo,46.36
0,78,37,3259,0,pomelo,50.0
57,58,31,8496,0,pomelo,35.12
0,74,27,3659,1,pomelo,10.0
33,60,35,1255,1,pomelo,10.0
95,58,35,2502,0,pomelo,24.0
47,32,28,5656,0,pomelo,39.39
88,83,35,6430,0,pomelo,25.54
0,30,27,9598,0,pomelo,49.69
15,38,30,4176,0,pomelo,48.89
60,30,32,2860,0,pomelo,28.28
63,96,33,7158,0,pomelo,37.79
62,65,33,6806,0,pomelo,32.95
68,64,28,5354,0,pomelo,34.48
21,20,35,1722,0,pomelo,45.75
92,59,29,8579,0,pomelo,23.71
66,38,27,1613,0,pomelo,30.18
75,95,27,4331,1,pomelo,10.0
25,91,39,6790,0,pomelo,39.51
15,91,26,4116,0,pomelo,49.64
50,80,36,1330,0,pomelo,36.98
85,31,24,3212,0,pomelo,28.38
56,80,32,6493,0,pomelo,33.45
28,52,31,8232,0,pomelo,43.64
77,64,38,6614,0,pomelo,25.03
91,88,26,6913,0,pomelo,22.46
68,27,25,6913,0,pomelo,30.77
46,44,29,6611,0,pomelo,36.7
93,65,38,1319,0,pomelo,25.89
61,49,25,9085,1,pomelo,10.0
68,66,17,5200,0,pomelo,29.1
75,68,30,5791,0,pomelo,28.4
15,66,34,1329,0,pomelo,47.6
89,37,24,9851,0,pomelo,31.46
89,85,34,7742,0,pomelo,21.68
47,87,24,5916,0,pomelo,34.75
84,52,29,2793,1,pomelo,10.0
38,55,33,7457,1,pomelo,10.0
99,38,24,9125,0,pomelo,24.67
32,47,30,6703,0,pomelo,41.89
93,59,36,7170,0,pomelo,21.24
22,95,32,7644,0,pomelo,45.31
9,34,26,8420,0,pomelo,50.0
68,60,37,5155,0,pomelo,31.41
99,58,33,9411,0,pomelo,21.61
33,21,20,3611,0,pomelo,47.05
51,82,34,6691,0,pomelo,35.49
94,48,27,3593,0,pomelo,23.53
9,93,30,1095,1,pomelo,10.0
18,85,35,7041,0,pomelo,46.74
57,70,27,6063,0,pomelo,30.72
95,94,21,9437,0,pomelo,26.15
0,96,37,4349,0,pomelo,48.69
68,29,35,8644,0,pomelo,25.61
3,33,29,7560,1,pomelo,10.0
15,70,34,6247,0,pomelo,46.98
23,92,28,6356,0,pomelo,43.13
79,58,30,5077,0,pomelo,22.46
1,47,29,5898,0,pomelo,48.29
91,22,28,2417,0,pomelo,29.17
31,89,31,9846,0,pomelo,39.83
90,46,23,1110,1,pomelo,10.0
83,21,28,9281,0,pomelo,27.47
23,57,31,9954,0,pomelo,40.65
11,22,39,8391,0,pomelo,50.0
49,35,24,6132,0,pomelo,37.71
34,59,32,3504,0,pomelo,38.35
32,21,33,9289,0,pomelo,43.46
32,60,20,6239,0,pomelo,49.55
60,31,32,1292,0,pomelo,31.38
50,54,34,2734,0,pomelo,33.09
42,84,32,6120,0,pomelo,44.89
11,74,29,7393,0,pomelo,47.53
66,64,31,3196,1,pomelo,10.0
64,98,30,4466,0,pomelo,31.09
32,81,21,2906,1,pomelo,10.0
39,68,30,2721,0,pomelo,32.87
73,44,28,2816,0,pomelo,29.4
42,42,26,9444,0,pomelo,35.13
43,43,42,5227,0,pomelo,34.02
28,57,36,6775,0,pomelo,35.36
12,47,24,4849,0,pomelo,50.0
11,40,31,6228,0,pomelo,43.1
94,73,37,7849,0,pomelo,15.58
45,37,22,2058,0,pomelo,36.38
1,55,30,3322,1,pomelo,10.0
34,64,30,9378,0,pomelo,44.54
86,92,23,1948,0,pomelo,25.27
80,72,31,9179,0,pomelo,25.87
89,49,35,5359,1,pomelo,10.0
7,79,37,6660,0,pomelo,48.94
92,51,28,8254,0,pomelo,23.35
25,86,42,9401,0,pomelo,44.81
73,86,19,3093,0,pomelo,30.58
89,47,31,2563,0,pomelo,23.43
33,63,22,9217,0,pomelo,49.49
6,98,30,1174,1,pomelo,10.0
67,60,27,2334,1,pomelo,10.0
57,82,32,1321,0,pomelo,33.67
74,42,29,6698,0,pomelo,29.69
28,94,25,6604,0,pomelo,42.97
35,67,26,7742,0,pomelo,34.02
88,51,39,8436,0,pomelo,25.42
20,76,32,9524,0,pomelo,49.58
35,52,21,6674,1,pomelo,10.0
9,43,32,6002,0,pomelo,50.0
72,58,29,1910,0,pomelo,27.93
23,53,30,1949,0,pomelo,43.58
63,75,34,6425,0,pomelo,32.35
98,47,35,3514,0,pomelo,21.54
48,56,25,8701,0,pomelo,39.64
98,26,29,1100,0,pomelo,22.41
35,87,27,5646,0,pomelo,40.02
81,56,32,7945,0,pomelo,26.71
95,75,28,3400,0,pomelo,25.9
23,84,30,6801,0,pomelo,50.0
22,84,28,3343,0,pomelo,43.3
61,66,29,1352,0,pomelo,33.58
95,39,38,3955,0,pomelo,19.81
36,38,41,2018,0,pomelo,38.92
11,48,31,2179,0,pomelo,50.0
54,93,29,6193,0,pomelo,34.38
12,79,22,4536,0,pomelo,42.86
22,37,26,3502,0,pomelo,48.29
88,54,29,4819,0,pomelo,25.19
98,62,26,7855,0,pomelo,21.37
29,30,26,1979,0,pomelo,41.4
16,68,37,1976,0,pomelo,45.73
61,57,30,3280,0,pomelo,30.61
83,83,30,6897,0,pomelo,24.36
88,88,26,1107,1,pomelo,10.0
85,27,35,2626,0,pomelo,20.75
12,53,28,9895,1,pomelo,10.0
58,67,27,7229,0,pomelo,32.15
18,75,22,7877,0,pomelo,49.09
48,95,29,1874,1,pomelo,10.0
99,84,27,6543,0,pomelo,17.76
11,50,38,4809,0,pomelo,49.56
60,23,39,3107,0,pomelo,27.66
18,69,23,1559,1,pomelo,10.0
75,88,24,9308,0,pomelo,30.15
8,49,28,5969,0,pomelo,50.0
70,78,25,4046,0,pomelo,33.47
27,86,31,1043,0,pomelo,45.17
77,94,28,1508,0,pomelo,28.05
94,64,31,7107,0,pomelo,22.09
51,23,35,4439,0,pomelo,36.49
82,45,24,4928,0,pomelo,28.43
15,46,34,6411,0,pomelo,44.66
68,65,26,1916,0,pomelo,32.51
98,83,40,1798,0,pomelo,19.1
11,70,38,5971,0,pomelo,44.3
24,69,29,2760,0,pomelo,42.86
51,25,25,4275,0,pomelo,38.16
84,78,24,1818,0,pomelo,24.22
99,34,34,6040,0,pomelo,23.82
52,49,29,4065,0,pomelo,33.93
22,61,34,4259,0,pomelo,36.82
15,56,41,1906,0,pomelo,45.96
56,61,26,1602,0,pomelo,26.9
38,54,23,5295,0,pomelo,37.96
52,25,30,4527,1,pomelo,10.0
41,87,35,5543,0,pomelo,44.97
57,37,25,2811,0,pomelo,38.08
38,92,30,8963,0,pomelo,42.53
13,48,36,6249,0,pomelo,42.54
94,96,21,5615,0,pomelo,24.04
4,78,31,9916,0,pomelo,50.0
34,66,27,7766,0,pomelo,43.32
86,36,30,1802,0,pomelo,28.61
92,41,33,3582,0,pomelo,28.14
74,87,31,7445,0,pomelo,30.58
17,88,24,4837,0,pomelo,43.41
75,56,27,9718,1,pomelo,10.0
8,68,37,2665,0,pomelo,49.0
73,32,31,9651,0,pomelo,28.19
57,53,34,7975,0,pomelo,29.23
16,72,31,3552,0,pomelo,48.68
6,70,34,8475,0,pomelo,50.0
45,22,28,3808,0,pomelo,37.62
12,61,26,6633,0,pomelo,49.16
39,51,33,7096,1,pomelo,10.0
41,70,35,9823,0,pomelo,31.48
8,65,25,3456,0,pomelo,50.0
49,40,27,6423,0,pomelo,39.28
26,63,29,5317,1,pomelo,10.0
65,30,38,2556,0,pomelo,30.65
4,87,32,3205,0,pomelo,45.64
28,20,23,4955,1,pomelo,10.0
36,82,29,7805,0,pomelo,35.47
37,43,28,1404,0,pomelo,46.38
82,32,24,2620,0,pomelo,24.6
7,30,29,3952,1,pomelo,10.0
64,70,28,9080,0,pomelo,32.6
85,36,28,4118,0,pomelo,22.99
16,43,27,8380,0,pomelo,39.93
70,38,37,7630,0,pomelo,29.94
88,56,28,1565,1,pomelo,10.0
44,27,30,5799,0,pomelo,39.61
3,47,29,8670,0,pomelo,45.29
35,24,27,3868,1,pomelo,10.0
69,36,30,9776,0,pomelo,33.62
30,55,30,5327,0,pomelo,40.42
18,38,30,7413,1,pomelo,10.0
60,83,25,8614,0,pomelo,30.75
53,30,28,2245,0,pomelo,32.06
38,73,33,9243,0,pomelo,41.61
90,64,29,1537,0,pomelo,18.43
73,66,30,1540,1,pomelo,10.0
89,31,30,1814,0,pomelo,20.57
18,40,32,2415,0,pomelo,46.49
38,30,32,2652,0,pomelo,40.1
66,24,29,5062,0,pomelo,28.33
44,75,25,3356,0,pomelo,42.66
12,39,23,4810,0,pomelo,45.46
91,60,35,1185,1,pomelo,10.0
57,65,33,2551,0,pomelo,32.67
19,31,33,8013,0,pomelo,43.68
91,89,34,1761,0,pomelo,21.89
71,36,29,7163,0,pomelo,29.31
60,38,26,8635,0,pomelo,33.12
38,45,25,4281,0,pomelo,39.89
0,67,24,2536,0,pomelo,50.0
2,71,36,7201,0,pomelo,50.0
76,89,27,4164,0,pomelo,28.1
91,74,35,3770,1,pomelo,10.0
61,94,29,8399,0,pomelo,34.98
62,52,26,4845,0,pomelo,33.65
24,81,24,4435,0,pomelo,46.1
55,42,27,5710,0,pomelo,37.43
32,34,37,1561,0,pomelo,36.58
37,46,24,5717,0,pomelo,42.98
5,94,40,8623,0,pomelo,46.86
57,83,25,8187,0,pomelo,32.02
43,70,33,3180,0,pomelo,39.83
44,72,29,2960,0,pomelo,36.72
31,97,28,4879,0,pomelo,43.23
44,70,23,6153,0,pomelo,31.06
60,66,29,8035,0,pomelo,35.38
46,23,24,4270,0,pomelo,46.17
20,26,21,5687,0,pomelo,46.78
79,54,30,1582,0,pomelo,26.51
84,67,26,1288,0,pomelo,25.22
74,92,38,6664,0,pomelo,28.87
35,91,35,8979,0,pomelo,38.59
98,64,38,4859,1,pomelo,10.0
18,91,26,4060,0,pomelo,48.34
19,38,30,2183,0,pomelo,50.0
56,82,16,5335,0,pomelo,39.52
17,57,28,2446,0,pomelo,45.78
46,86,30,7679,0,pomelo,33.85
48,78,30,7213,0,pomelo,35.38
13,88,29,2903,0,pomelo,46.82
14,32,30,8894,0,pomelo,42.84
30,66,16,3377,0,pomelo,48.06
0,80,31,1847,0,pomelo,50.0
53,50,32,8370,0,pomelo,31.55
2,99,36,7341,0,pomelo,43.86
15,41,31,2239,0,pomelo,48.45
86,62,29,6600,0,pomelo,20.47
56,86,35,5791,0,pomelo,33.45
74,73,18,3365,0,pomelo,29.97
11,29,27,6055,0,pomelo,50.0
73,61,26,6622,0,pomelo,32.33
95,83,29,1372,0,pomelo,20.24
15,40,19,8783,1,pomelo,10.0
71,99,36,2949,0,pomelo,31.16
75,95,28,1244,0,pomelo,28.03
23,85,31,8795,0,pomelo,43.96
27,60,31,6772,0,pomelo,42.82
7,43,36,1124,0,pomelo,50.0
91,54,20,2919,1,pomelo,10.0
35,75,30,1530,0,pomelo,40.14
89,49,35,8849,1,pomelo,10.0
7,76,29,7929,0,pomelo,44.08
57,66,25,5349,0,pomelo,32.76
59,54,26,5756,0,pomelo,36.31
49,38,28,2801,0,pomelo,35.85
27,27,26,6156,0,pomelo,43.74
91,45,29,8856,0,pomelo,22.6
40,90,37,6461,0,pomelo,29.15
99,49,27,6302,0,pomelo,19.57
63,26,27,8432,0,pomelo,32.47
26,86,32,7189,0,pomelo,37.49
62,84,29,2142,1,pomelo,10.0
16,55,23,8076,0,pomelo,44.06
72,44,29,8614,0,pomelo,28.58
32,56,29,5840,1,pomelo,10.0
83,20,34,2629,0,pomelo,24.31
76,34,25,6062,0,pomelo,30.38
91,56,34,1762,0,pomelo,22.07
28,32,29,7905,0,pomelo,43.87
12,27,24,5889,0,pomelo,46.5
45,24,23,5839,0,pomelo,39.53
34,79,39,4957,0,pomelo,43.41
5,92,29,1557,0,pomelo,50.0
81,20,34,5621,1,pomelo,10.0
68,55,21,1839,0,pomelo,31.69
46,54,43,9194,0,pomelo,31.77
24,85,34,9348,0,pomelo,43.26
65,82,28,7998,0,pomelo,31.25
9,42,28,1510,1,pomelo,10.0
55,28,33,2137,0,pomelo,35.59
29,53,33,6606,1,pomelo,10.0
4,65,30,5666,0,pomelo,44.33
32,97,30,9906,0,pomelo,40.84
64,23,32,6434,0,pomelo,32.66
17,49,21,7446,1,pomelo,10.0
95,94,28,3654,0,pomelo,23.29
48,91,21,1990,0,pomelo,37.4
10,22,33,8820,0,pomelo,46.36
84,33,26,3160,0,pomelo,23.3
25,79,22,6740,1,pomelo,10.0
62,96,26,5457,0,pomelo,34.34
88,64,30,3063,0,pomelo,25.87
85,53,28,2977,0,pomelo,21.66
58,64,24,9567,0,pomelo,37.09
26,80,21,9933,0,pomelo,43.04
48,35,30,3667,0,pomelo,35.47
76,85,27,5919,0,pomelo,34.36
32,59,28,9609,0,pomelo,46.61
97,36,29,8642,0,pomelo,17.76
98,53,32,9798,0,pomelo,17.36
0,35,34,9759,0,pomelo,47.05
20,79,30,1543,0,pomelo,49.76
54,85,28,1883,0,pomelo,33.38
5,85,30,5798,0,pomelo,45.08
91,32,28,9040,0,pomelo,27.8
80,75,21,6718,0,pomelo,30.58
68,50,35,3068,0,pomelo,36.35
94,53,34,8478,0,pomelo,23.78
4,58,39,9120,0,pomelo,47.9
2,86,41,8820,1,pomelo,10.0
52,27,24,2786,0,pomelo,37.36
22,97,28,6715,0,pomelo,43.44
52,74,42,9269,0,pomelo,36.92
36,46,29,2308,0,pomelo,44.47
73,72,31,9839,0,pomelo,24.15
73,58,22,9744,0,pomelo,33.53
82,84,30,9473,1,pomelo,10.0
16,36,39,5861,1,pomelo,10.0
84,49,36,3776,0,pomelo,21.39
77,72,26,2596,0,pomelo,35.94
72,32,28,1479,0,pomelo,34.35
0,40,24,4312,0,pomelo,48.79
50,38,25,7156,0,pomelo,37.72
44,72,20,8919,0,pomelo,42.78
76,38,29,7744,0,pomelo,26.53
3,76,37,4898,0,pomelo,44.6
61,44,31,3072,1,pomelo,10.0
64,50,36,6624,0,pomelo,30.91
31,74,35,1938,0,pomelo,40.22
33,42,27,9176,0,pomelo,38.96
91,51,26,1761,0,pomelo,28.21
94,81,26,8254,0,pomelo,19.73
71,93,21,2669,0,pomelo,31.18
38,29,30,8128,0,pomelo,40.15
25,91,15,4862,0,pomelo,47.43
33,73,32,3685,1,pomelo,10.0
53,71,30,7634,1,pomelo,10.0
2,39,32,2931,0,pomelo,50.0
49,51,35,8308,0,pomelo,34.58
11,33,30,4939,0,pomelo,39.89
64,69,38,2126,0,pomelo,29.04
53,47,33,7021,1,pomelo,10.0
4,72,26,7437,0,pomelo,50.0
93,43,28,8039,0,pomelo,23.07
93,98,18,6373,1,pomelo,10.0
56,41,25,2203,0,pomelo,34.79
16,49,28,5135,1,pomelo,10.0
46,82,32,9711,0,pomelo,38.38
22,23,26,8904,0,pomelo,47.17
78,96,23,3283,0,pomelo,23.64
84,78,20,5558,0,pomelo,27.74
13,27,27,6347,0,pomelo,47.11
65,31,39,8867,0,pomelo,29.93
74,50,31,6944,0,pomelo,22.69
50,97,34,9674,1,pomelo,10.0
37,53,25,3477,0,pomelo,44.87
63,94,22,4093,0,pomelo,33.72
97,95,23,9534,0,pomelo,24.57
37,68,29,8207,0,pomelo,45.4
49,98,20,7227,0,pomelo,39.6
97,76,24,4535,0,pomelo,18.48
81,45,27,8004,0,pomelo,27.04
29,37,23,3913,0,pomelo,45.72
78,57,19,3340,0,pomelo,29.97
90,69,31,6289,0,pomelo,28.92
50,27,30,1597,0,pomelo,33.43
62,60,33,9836,1,pomelo,10.0
97,25,24,8145,1,pomelo,10.0
51,88,33,3902,0,pomelo,38.84
37,63,37,7645,0,pomelo,41.02
96,83,31,9955,0,pomelo,22.27
87,48,26,8694,0,pomelo,26.69
78,47,30,5830,1,pomelo,10.0
29,30,26,8546,0,pomelo,40.17
50,84,25,8368,0,pomelo,36.08
80,38,33,3160,1,pomelo,10.0
4,28,29,6878,0,pomelo,50.0
28,46,36,8663,0,pomelo,40.95
3,53,27,4749,0,pomelo,50.0
9,63,28,3922,0,pomelo,50.0
55,87,27,7486,0,pomelo,29.38
16,34,24,9112,0,pomelo,48.51
73,70,34,9771,0,pomelo,33.63
16,32,40,4804,0,pomelo,43.07
83,68,28,5878,0,pomelo,22.77
87,89,26,3368,0,pomelo,24.53
68,75,26,9093,0,pomelo,26.85
33,95,26,4932,0,pomelo,42.58
5,70,38,6608,0,pomelo,47.68
52,56,26,7635,0,pomelo,37.16
65,36,27,7395,0,pomelo,31.71
76,77,23,7101,0,pomelo,30.19
42,48,31,6531,0,pomelo,39.55
74,52,29,5970,0,pomelo,25.41
22,79,24,7344,0,pomelo,46.64
54,74,25,9408,0,pomelo,40.14
79,29,37,1375,0,pomelo,23.01
94,66,30,8887,0,pomelo,23.72
74,42,30,2609,1,pomelo,10.0
15,40,30,3939,0,pomelo,50.0
7,32,36,5062,0,pomelo,44.23
3,52,24,2613,0,pomelo,50.0
3,43,28,7578,0,pomelo,49.83
55,30,29,8851,0,pomelo,37.73
24,36,21,4679,0,pomelo,43.13
66,87,25,8540,0,pomelo,32.17
95,66,35,8074,0,pomelo,16.94
66,44,33,4996,1,pomelo,10.0
26,92,34,5786,0,pomelo,43.71
92,40,27,6695,0,pomelo,25.35
31,31,27,7998,1,pomelo,10.0
49,56,21,3366,0,pomelo,39.72
60,61,34,7764,1,pomelo,10.0
50,36,35,9976,0,pomelo,36.47
18,67,35,2614,0,pomelo,44.33
20,47,38,5555,0,pomelo,38.97
4,60,32,3416,0,pomelo,50.0
81,66,37,8288,1,pomelo,10.0
91,37,28,7862,0,pomelo,23.98
41,97,21,4653,0,pomelo,41.68
60,90,34,7639,1,pomelo,10.0
21,32,20,1496,0,pomelo,46.14
20,32,30,1504,1,pomelo,10.0
69,50,34,8699,0,pomelo,35.38
0,21,31,6733,0,pomelo,49.1
4,35,41,9055,0,pomelo,45.78
11,28,20,4216,0,pomelo,45.02
89,92,29,6688,0,pomelo,24.84
45,57,30,5364,1,pomelo,10.0
33,94,23,7042,1,pomelo,10.0
48,73,24,2477,0,pomelo,43.38
77,75,25,5960,0,pomelo,29.28
89,64,24,3397,1,pomelo,10.0
44,53,29,9301,0,pomelo,38.68
26,28,26,9841,0,pomelo,46.92
72,27,31,7194,0,pomelo,29.69
25,26,33,8570,1,pomelo,10.0
46,55,32,8730,0,pomelo,40.4
85,37,27,2499,0,pomelo,30.14
55,22,31,8235,0,pomelo,32.52
93,47,35,1595,0,pomelo,17.81
62,89,32,1978,1,pomelo,10.0
47,63,39,1730,1,pomelo,10.0
60,40,34,1056,0,pomelo,34.27
80,47,38,3243,0,pomelo,26.37
25,73,17,6879,1,pomelo,10.0
35,73,30,2701,0,pomelo,37.36
0,84,28,8229,0,pomelo,49.37
7,40,29,2286,1,pomelo,10.0
98,32,25,9303,0,pomelo,20.56
51,76,31,1947,0,pomelo,35.94
78,68,20,5121,0,pomelo,32.59
46,73,32,7553,0,pomelo,39.96
55,29,26,1757,0,pomelo,37.67
85,72,27,6651,0,pomelo,25.22
13,63,32,8273,1,pomelo,10.0
89,66,30,4535,0,pomelo,30.96
27,72,35,3293,0,pomelo,42.0
86,93,25,2104,0,pomelo,25.03
77,65,29,9853,0,pomelo,24.0
87,32,34,1908,0,pomelo,23.06
1,56,31,7539,0,pomelo,50.0
25,43,32,5617,0,pomelo,38.34
13,21,35,8069,0,pomelo,43.24
58,33,27,3311,0,pomelo,32.8
55,29,26,1789,0,pomelo,32.97
6,54,32,1171,0,pomelo,46.23
2,44,29,8989,0,pomelo,50.0
22,22,35,2885,0,pomelo,38.45
17,36,31,9667,0,pomelo,46.23
37,31,26,2049,0,pomelo,42.26
98,73,31,5129,0,pomelo,19.95
14,43,25,2161,1,pomelo,10.0
63,48,34,1815,0,pomelo,30.62
88,62,23,4766,0,pomelo,25.88
27,44,36,9945,0,pomelo,43.6
73,79,31,5661,0,pomelo,33.49
38,84,29,9653,1,pomelo,10.0
56,47,33,4239,0,pomelo,29.75
16,35,32,9272,0,pomelo,43.05
85,66,36,3804,0,pomelo,21.7
89,77,36,9031,0,pomelo,23.06
43,95,31,1869,0,pomelo,36.7
24,46,25,6526,1,pomelo,10.0
16,72,27,8741,0,pomelo,48.8
12,61,29,5694,0,pomelo,45.63
83,78,35,9998,0,pomelo,22.44
24,66,27,2934,0,pomelo,42.11
67,53,28,6172,0,pomelo,31.65
9,56,39,1703,0,pomelo,49.39
66,25,29,3523,0,pomelo,31.27
17,26,26,3639,0,pomelo,45.03
99,44,33,7159,0,pomelo,17.61
85,52,29,4909,0,pomelo,30.08
33,74,23,2164,0,pomelo,37.22
7,77,35,1619,0,pomelo,47.34
39,26,26,8982,1,pomelo,10.0
82,76,30,4066,0,pomelo,28.62
41,31,29,5872,0,pomelo,38.3
40,35,31,9638,0,pomelo,37.1
5,99,19,3337,0,pomelo,50.0
51,62,28,9400,0,pomelo,32.82
25,96,35,6594,1,pomelo,10.0
63,26,36,3460,0,pomelo,25.68
97,70,25,7820,0,pomelo,23.96
58,92,34,6546,0,pomelo,29.81
55,51,26,4442,1,pomelo,10.0
58,94,28,3711,0,pomelo,34.4
69,27,28,2291,0,pomelo,30.33
32,91,30,6374,1,pomelo,10.0
52,64,35,3655,0,pomelo,35.18
21,78,31,7513,0,pomelo,43.82
20,23,29,8394,0,pomelo,46.85
69,86,34,1704,0,pomelo,27.39
69,48,25,1825,0,pomelo,33.64
3,48,29,1376,0,pomelo,46.65
93,47,34,1972,0,pomelo,25.82
74,96,32,5213,0,pomelo,34.55
61,98,27,1443,0,pomelo,33.62
61,63,22,8519,0,pomelo,39.01
93,23,31,1754,0,pomelo,28.39
94,28,22,5735,1,pomelo,10.0
23,24,28,6396,1,pomelo,10.0
54,75,35,4465,1,pomelo,10.0
8,69,32,3711,0,pomelo,47.24
2,94,19,3407,0,pomelo,50.0
30,34,31,9814,1,pomelo,10.0
39,51,28,6588,1,pomelo,10.0
35,47,23,7104,0,pomelo,39.46
23,41,31,6747,0,pomelo,41.65
94,36,27,2723,0,pomelo,24.1
5,78,27,8224,0,pomelo,45.19
65,90,30,2919,0,pomelo,34.0
83,76,26,1918,0,pomelo,27.4
91,45,30,5215,0,pomelo,25.74
74,44,27,1581,0,pomelo,28.85
3,29,27,4881,0,pomelo,50.0
78,64,34,4909,0,pomelo,27.54
5,30,35,2999,1,pomelo,10.0
93,96,21,1400,0,pomelo,26.42
50,72,33,4648,0,pomelo,38.11
61,91,36,6445,0,pomelo,27.71
56,87,37,3628,0,pomelo,30.69
65,47,32,2656,0,pomelo,38.04
78,94,24,1620,0,pomelo,29.42
74,84,33,1246,0,pomelo,23.05
7,68,25,6212,0,pomelo,44.77
25,66,28,4339,0,pomelo,43.68
50,71,31,7758,0,pomelo,34.23
44,73,25,8086,0,pomelo,36.38
43,79,24,4010,1,pomelo,10.0
4,76,32,5719,0,pomelo,50.0
69,66,39,3368,0,pomelo,27.39
25,50,36,2839,0,pomelo,44.76
67,65,33,3903,0,pomelo,31.05
18,45,34,7205,0,pomelo,43.92
83,24,33,5395,0,pomelo,22.07
96,71,32,6767,0,pomelo,24.11
19,94,34,4691,0,pomelo,37.47
11,73,23,8470,1,pomelo,10.0
46,52,30,4841,1,pomelo,10.0
0,69,29,5348,0,pomelo,50.0
89,57,30,7621,0,pomelo,24.75
13,46,27,2392,0,pomelo,49.56
63,34,32,7060,0,pomelo,31.72
37,80,25,5255,0,pomelo,37.2
36,40,27,5300,0,pomelo,42.0
10,65,26,4338,0,pomelo,50.0
99,88,34,6487,0,pomelo,19.06
76,25,29,4514,0,pomelo,30.37
2,57,27,1759,0,pomelo,50.0
32,81,28,9621,0,pomelo,43.15
5,81,30,7793,0,pomelo,46.92
49,97,38,3459,0,pomelo,38.55
9,93,23,6273,0,pomelo,50.0
4,65,33,2718,0,pomelo,50.0
22,32,32,6423,0,pomelo,42.84
9,22,25,2308,0,pomelo,50.0
43,25,37,2050,1,pomelo,10.0
1,27,32,6479,1,pomelo,10.0
12,63,27,3249,0,pomelo,46.73
39,52,20,3809,0,pomelo,38.62
1,94,31,3921,0,pomelo,50.0
83,96,29,5676,0,pomelo,19.18
64,69,24,5041,1,pomelo,10.0
62,30,24,3417,0,pomelo,42.57
72,47,34,1532,1,pomelo,10.0
16,89,20,9167,0,pomelo,50.0
8,60,31,2469,0,pomelo,47.46
74,35,29,8292,0,pomelo,29.98
14,87,32,9961,0,pomelo,48.51
23,67,28,8142,0,pomelo,43.5
37,75,31,7000,0,pomelo,45.81
34,83,26,8081,0,pomelo,46.03
93,78,29,5649,0,pomelo,31.48
94,81,32,7931,0,pomelo,18.74
48,95,30,4424,0,pomelo,37.25
68,30,31,2091,0,pomelo,26.24
61,37,25,8849,0,pomelo,30.43
59,38,27,5654,0,pomelo,32.92
49,74,27,1260,0,pomelo,35.98
77,45,28,6936,1,pomelo,10.0
74,25,36,5370,0,pomelo,28.71
8,23,28,5301,0,pomelo,48.67
33,48,24,8207,0,pomelo,44.7
75,78,32,6819,0,pomelo,29.06
98,36,36,1092,0,pomelo,25.34
34,62,23,6161,0,pomelo,44.69
0,99,39,8632,0,pomelo,45.66
39,85,32,7208,0,pomelo,38.46
63,53,35,9556,0,pomelo,30.87
21,27,37,5916,0,pomelo,44.62
59,32,34,4718,1,pomelo,10.0
63,27,29,7125,1,pomelo,10.0
92,84,36,2924,0,pomelo,25.43
71,62,31,4095,0,pomelo,30.35
10,58,35,7683,0,pomelo,48.73
13,78,35,6181,0,pomelo,42.7
59,63,24,3538,0,pomelo,33.12
29,28,33,3276,0,pomelo,35.96
34,56,29,9194,0,pomelo,42.33
84,93,30,1910,0,pomelo,28.32
36,55,30,1306,0,pomelo,36.24
4,47,30,7575,0,pomelo,50.0
82,61,37,5231,0,pomelo,24.69
77,62,23,7028,0,pomelo,34.37
25,61,21,7658,0,pomelo,42.62
61,85,20,7336,0,pomelo,37.45
3,74,35,1872,0,pomelo,50.0
88,91,26,2141,0,pomelo,24.82
41,67,30,1665,0,pomelo,39.58
88,41,29,9400,0,pomelo,28.03
17,46,25,1951,0,pomelo,43.6
39,86,34,5722,0,pomelo,37.22
71,32,29,5008,0,pomelo,30.46
38,64,28,7655,0,pomelo,46.19
13,29,31,7190,0,pomelo,45.7
31,28,33,1771,1,pomelo,10.0
50,73,25,5030,0,pomelo,36.19
37,46,34,8859,0,pomelo,43.74
96,53,37,1521,0,pomelo,22.79
22,20,22,4355,0,pomelo,50.0
62,51,31,2400,0,pomelo,35.48
14,90,28,4723,0,pomelo,46.76
96,86,33,7579,0,pomelo,20.74
24,39,23,4247,1,pomelo,10.0
16,54,38,2858,0,pomelo,42.13
96,97,21,5781,0,pomelo,20.08
65,36,28,5064,0,pomelo,32.92
77,37,32,3398,0,pomelo,29.38
52,64,26,1142,0,pomelo,38.44
50,72,25,6062,0,pomelo,36.63
38,87,31,4469,0,pomelo,45.19
50,84,30,4695,0,pomelo,31.92
69,20,30,1717,0,pomelo,25.88
5,77,34,1642,0,pomelo,46.24
66,45,28,3548,0,pomelo,31.62
6,39,31,9561,0,pomelo,45.71
50,29,27,4650,0,pomelo,40.64
71,78,25,8549,1,pomelo,10.0
41,94,28,9978,0,pomelo,36.88
63,60,27,1949,0,pomelo,29.95
14,24,27,6444,0,pomelo,50.0
28,84,35,1521,0,pomelo,42.22
32,36,28,7632,0,pomelo,44.15
93,41,26,7048,0,pomelo,23.76
26,60,30,1354,0,pomelo,44.02
35,87,30,2482,0,pomelo,36.2
28,88,24,7994,0,pomelo,43.36
37,30,28,3215,1,pomelo,10.0
56,75,28,5716,1,pomelo,10.0
96,70,29,9619,0,pomelo,19.26
26,40,33,6821,0,pomelo,48.46
54,95,30,3537,0,pomelo,38.68
32,45,36,7339,1,pomelo,10.0
67,38,29,9736,0,pomelo,29.14
85,79,38,5919,0,pomelo,23.28
65,90,27,8075,0,pomelo,31.62
9,66,26,4765,0,pomelo,50.0
4,90,32,9850,0,pomelo,50.0
73,45,36,8082,1,pomelo,10.0
96,59,23,3827,0,pomelo,22.32
37,24,29,3058,0,pomelo,40.54
12,40,26,8749,0,pomelo,43.59
30,97,30,1730,1,pomelo,10.0
46,23,30,2832,0,pomelo,36.98
99,42,36,9600,0,pomelo,16.86
87,34,29,7505,1,pomelo,10.0
51,27,36,8170,0,pomelo,28.96
55,60,28,5179,0,pomelo,40.86
14,38,34,7299,0,pomelo,45.92
28,65,31,8830,1,pomelo,10.0
7,47,38,5802,1,pomelo,10.0
4,87,22,7057,0,pomelo,49.09
28,34,24,7615,0,pomelo,38.71
46,56,39,7762,0,pomelo,34.74
67,20,26,6543,0,pomelo,31.25
75,86,26,9325,0,pomelo,31.6
44,43,25,5883,0,pomelo,35.94
1,46,35,8050,0,pomelo,48.1
26,59,23,5959,0,pomelo,41.83
94,82,30,1666,0,pomelo,22.15
35,80,28,1276,0,pomelo,34.92
35,55,35,1881,0,pomelo,37.09
25,43,27,3060,1,pomelo,10.0
42,43,32,3082,0,pomelo,39.89
26,23,24,7702,1,pomelo,10.0
68,86,41,1158,0,pomelo,24.72
19,53,28,6229,0,pomelo,48.7
10,76,30,8956,0,pomelo,50.0
73,68,38,8514,0,pomelo,30.37
37,72,27,8803,0,pomelo,40.49
5,42,38,3526,0,pomelo,47.62
71,88,27,9302,0,pomelo,31.26
22,72,33,8803,0,pomelo,47.76
46,81,27,7574,0,pomelo,41.49
89,60,23,9733,0,pomelo,20.71
45,76,32,2138,0,pomelo,34.48
11,79,33,8257,0,pomelo,43.94
89,73,23,4283,0,pomelo,27.88
12,89,28,8762,1,pomelo,10.0
61,76,36,8896,0,pomelo,29.46
81,29,33,3419,0,pomelo,25.49
88,59,28,2756,0,pomelo,30.12
96,26,27,3306,0,pomelo,26.16
59,57,39,8630,0,pomelo,35.63
42,80,22,7263,1,pomelo,10.0
75,22,29,6008,0,pomelo,26.55
99,70,22,6247,0,pomelo,14.59
67,66,36,9914,0,pomelo,28.51
4,87,29,3570,0,pomelo,45.68
36,95,30,6807,0,pomelo,34.37
71,57,43,8812,0,pomelo,30.49
91,55,27,1324,0,pomelo,21.62
30,60,38,8487,0,pomelo,37.98
8,88,28,6645,0,pomelo,47.9
50,32,28,2945,0,pomelo,41.34
28,77,43,5486,0,pomelo,39.52
77,69,29,3430,0,pomelo,30.95
39,49,23,4510,0,pomelo,39.75
40,81,31,1845,0,pomelo,34.06
85,44,29,1567,0,pomelo,22.13
10,46,31,3179,0,pomelo,47.79
22,70,29,3019,1,pomelo,10.0
0,97,41,4319,0,pomelo,49.12
45,76,32,3320,0,pomelo,38.73
20,66,24,2646,0,pomelo,47.83
89,58,30,4909,0,pomelo,27.0
35,35,26,9015,1,pomelo,10.0
53,41,28,4420,0,pomelo,33.19
86,73,25,1356,0,pomelo,31.68
56,40,40,8485,0,pomelo,37.96
0,91,26,4081,0,pomelo,50.0
62,35,33,3280,0,pomelo,29.42
53,78,28,5131,0,pomelo,30.15
54,50,24,6123,0,pomelo,36.51
39,61,30,8422,0,pomelo,40.66
14,93,32,3787,0,pomelo,44.66
20,51,32,5209,0,pomelo,45.45
46,78,16,7540,0,pomelo,35.84
72,53,23,1465,0,pomelo,33.7
52,28,34,2487,0,pomelo,33.01
8,30,25,5942,0,pomelo,50.0
73,29,31,5597,0,pomelo,29.53
51,36,23,5536,0,pomelo,31.22
56,87,33,1325,0,pomelo,36.1
25,67,34,5162,0,pomelo,40.35
40,71,33,1303,0,pomelo,39.01
34,44,35,6067,1,pomelo,10.0
62,40,37,6024,0,pomelo,26.77
24,84,24,8715,0,pomelo,43.56
89,82,26,9340,1,pomelo,10.0
74,70,34,3631,0,pomelo,29.09
37,55,35,7391,0,pomelo,35.66
1,85,26,9287,0,pomelo,48.43
6,34,26,3369,0,pomelo,50.0
81,58,26,1528,0,pomelo,27.0
90,89,21,5675,0,pomelo,26.85
33,20,23,2663,0,pomelo,41.4
90,42,23,4364,0,pomelo,27.32
16,58,28,3341,0,pomelo,44.9
42,76,31,7656,0,pomelo,39.99
58,53,32,5905,1,pomelo,10.0
50,60,27,9884,1,pomelo,10.0
53,92,27,6950,0,pomelo,32.98
23,32,30,2360,1,pomelo,10.0
24,89,22,6127,0,pomelo,43.57
70,25,34,6562,1,pomelo,10.0
51,71,36,9730,0,pomelo,36.69
69,22,26,6777,0,pomelo,29.56
87,82,28,4925,0,pomelo,21.79
32,68,36,9463,0,pomelo,45.39
48,95,29,9001,0,pomelo,36.69
28,66,32,2028,1,pomelo,10.0
62,74,29,7018,0,pomelo,34.01
21,83,37,2242,0,pomelo,36.51
25,84,32,9784,0,pomelo,47.1
27,86,32,8119,0,pomelo,50.0
84,34,32,5210,0,pomelo,29.13
48,51,27,7406,0,pomelo,41.35
70,87,27,4377,0,pomelo,29.37
80,37,33,5071,0,pomelo,27.16
83,62,30,2440,0,pomelo,27.56
48,54,24,4626,0,pomelo,35.71
19,97,39,1184,0,pomelo,43.13
85,77,34,5996,0,pomelo,21.7
91,52,30,9412,0,pomelo,22.51
62,33,28,9031,1,pomelo,10.0
60,53,30,6563,0,pomelo,35.52
48,80,32,4188,0,pomelo,30.9
70,23,19,3945,0,pomelo,35.06
0,78,40,7765,0,pomelo,44.27
95,48,26,3474,0,pomelo,23.46
12,25,29,7787,0,pomelo,48.03
93,68,30,9792,0,pomelo,24.82
86,59,39,5599,0,pomelo,22.86
50,84,29,7274,0,pomelo,33.07
55,88,37,5313,0,pomelo,33.65
82,46,32,3218,0,pomelo,32.52
61,99,25,2152,0,pomelo,33.66
31,25,30,1056,1,pomelo,10.0
29,32,29,1143,0,pomelo,39.86
28,83,24,8218,0,pomelo,42.4
48,81,31,9559,0,pomelo,36.85
44,38,30,7361,0,pomelo,36.99
92,95,32,1615,1,pomelo,10.0
29,99,30,9062,0,pomelo,41.08
15,62,26,6977,0,pomelo,50.0
39,93,33,7984,0,pomelo,40.25
18,39,26,9890,0,pomelo,46.04
17,87,14,5971,0,pomelo,48.77
0,63,30,6781,0,pomelo,50.0
77,42,27,1944,0,pomelo,30.18
46,21,31,8078,0,pomelo,40.85
65,41,39,2746,0,pomelo,28.46
91,76,40,6783,1,pomelo,10.0
93,91,29,7907,0,pomelo,20.32
37,26,25,9625,0,pomelo,39.23
50,97,32,3926,0,pomelo,32.97
62,75,28,2089,0,pomelo,28.22
3,86,31,3957,0,pomelo,50.0
0,35,26,3612,0,pomelo,50.0
7,70,31,7047,0,pomelo,41.85
28,99,25,7249,0,pomelo,44.25
54,91,35,4759,0,pomelo,32.67
2,31,27,8718,0,pomelo,49.51
31,72,33,5263,0,pomelo,33.64
9,94,23,2902,0,pomelo,49.62
73,24,33,3567,0,pomelo,28.73
82,46,25,9075,0,pomelo,23.87
33,31,31,3994,0,pomelo,45.77
96,36,35,6229,0,pomelo,23.57
86,25,29,3010,0,pomelo,22.2
54,24,24,8377,0,pomelo,39.07
91,76,32,1830,0,pomelo,21.9
31,47,25,1048,0,pomelo,45.87
49,97,27,5210,0,pomelo,32.57
6,88,31,2178,0,pomelo,49.51
92,78,36,6768,0,pomelo,18.55
7,52,30,8878,1,pomelo,10.0
64,81,30,1070,0,pomelo,29.29
56,69,33,8686,0,pomelo,27.81
66,38,30,8879,0,pomelo,27.5
87,88,33,6455,1,pomelo,10.0
86,85,35,9258,0,pomelo,20.48
58,66,28,6612,0,pomelo,29.9
71,58,13,6769,0,pomelo,33.67
53,87,25,2777,1,pomelo,10.0
66,52,36,8380,1,pomelo,10.0
50,32,29,3228,1,pomelo,10.0
96,73,28,9804,0,pomelo,17.3
91,26,35,9888,0,pomelo,23.6
7,98,29,7746,1,pomelo,10.0
33,33,19,7391,1,pomelo,10.0
34,38,22,3406,0,pomelo,45.42
95,73,32,9440,0,pomelo,19.43
87,39,29,1637,0,pomelo,24.85
77,48,37,9090,1,pomelo,10.0
31,43,26,1949,1,pomelo,10.0
45,82,28,4587,1,pomelo,10.0
15,93,25,2111,1,pomelo,10.0
67,76,27,9367,1,pomelo,10.0
36,27,20,1722,0,pomelo,41.19
53,81,28,4842,0,pomelo,34.27
84,48,29,4674,0,pomelo,18.33
13,93,29,5866,0,pomelo,43.92
94,36,40,1702,0,pomelo,25.18
54,85,39,3128,1,pomelo,10.0
47,25,26,5233,0,pomelo,38.67
81,77,19,3517,0,pomelo,28.18
6,88,29,2149,0,pomelo,43.34
73,47,31,2878,0,pomelo,30.68
6,81,25,1309,0,pomelo,47.47
32,60,25,4952,0,pomelo,38.69
22,88,37,8728,0,pomelo,39.59
84,60,28,4049,0,pomelo,27.73
18,68,33,6766,0,pomelo,44.79
18,68,25,7412,0,pomelo,49.19
35,95,29,5865,0,pomelo,44.08
28,90,28,1015,0,pomelo,40.78
59,22,26,1605,0,pomelo,33.97
81,29,35,5908,0,pomelo,24.79
1,54,23,9006,1,pomelo,10.0
0,99,31,7412,0,pomelo,46.71
46,21,28,9605,0,pomelo,33.95
68,43,32,5120,0,pomelo,29.71
19,93,28,9507,0,pomelo,45.53
10,57,34,5666,0,pomelo,47.04
1,41,25,5820,0,pomelo,50.0
66,45,35,8835,0,pomelo,27.75
86,62,29,2849,0,pomelo,31.76
11,74,23,2953,0,pomelo,49.8
19,58,33,9580,0,pomelo,42.97
4,48,29,3769,0,pomelo,50.0
36,39,21,4046,1,pomelo,10.0
37,60,31,8594,0,pomelo,37.15
93,73,35,7840,0,pomelo,22.18
8,39,36,6066,0,pomelo,48.6
97,38,28,3415,1,pomelo,10.0
52,85,30,3389,0,pomelo,37.05
43,49,30,6924,0,pomelo,34.33
98,72,37,9495,0,pomelo,29.29
85,53,25,1763,0,pomelo,30.05
23,41,27,8541,0,pomelo,50.0
80,86,25,1815,0,pomelo,27.23
73,25,22,7255,0,pomelo,31.44
29,98,31,1877,0,pomelo,42.21
58,46,38,8173,0,pomelo,30.36
86,29,29,8073,0,pomelo,27.67
95,92,25,5798,0,pomelo,20.85
80,67,30,7989,0,pomelo,29.09
80,89,32,6039,1,pomelo,10.0
13,78,29,7324,0,pomelo,45.81
8,78,37,3823,1,pomelo,10.0
39,21,25,6287,0,pomelo,41.5
65,48,28,4285,0,pomelo,36.28
24,87,31,8433,0,pomelo,43.2
72,84,31,7174,0,pomelo,31.54
21,45,30,5826,0,pomelo,43.17
3,29,23,4664,0,pomelo,47.96
25,72,41,1497,0,pomelo,46.29
57,98,28,8641,0,pomelo,36.54
28,78,30,5643,0,pomelo,42.2
97,41,33,6056,0,pomelo,23.39
86,70,26,1131,0,pomelo,22.95
36,67,30,6443,0,pomelo,41.53
74,40,26,1857,1,pomelo,10.0
69,41,32,9712,0,pomelo,30.55
17,49,28,9221,0,pomelo,48.25
84,44,31,7147,1,pomelo,10.0
41,47,24,5604,0,pomelo,44.83
99,84,25,2558,0,pomelo,26.64
40,64,23,1015,1,pomelo,10.0
37,87,26,4605,0,pomelo,36.53
33,26,17,2607,0,pomelo,37.71
16,68,28,6935,0,pomelo,47.34
36,28,27,3016,0,pomelo,41.31
24,55,30,4574,1,pomelo,10.0
75,20,30,8274,0,pomelo,25.09
86,29,36,4791,0,pomelo,21.12
85,55,42,7406,0,pomelo,20.79
84,92,35,2088,0,pomelo,28.81
26,65,27,2361,0,pomelo,42.38
56,51,27,5473,1,pomelo,10.0
30,51,34,6294,0,pomelo,36.69
5,25,21,8106,0,pomelo,50.0
90,67,28,8319,1,pomelo,10.0
39,57,28,9667,0,pomelo,39.69
97,36,32,9520,1,pomelo,10.0
11,93,33,2186,0,pomelo,44.0
52,46,26,4414,0,pomelo,37.97
70,73,27,6486,0,pomelo,34.01
9,69,32,4536,1,pomelo,10.0
44,54,26,2773,0,pomelo,37.53
16,44,36,6415,0,pomelo,40.49
25,47,33,3558,0,pomelo,42.08
84,34,30,6907,0,pomelo,26.71
91,23,31,6079,0,pomelo,17.03
61,92,27,7724,1,pomelo,10.0
45,46,26,6420,1,pomelo,10.0
63,45,27,4291,0,pomelo,34.14
1,38,32,4524,0,pomelo,49.18
53,36,31,4504,0,pomelo,35.03
64,62,27,9998,0,pomelo,31.53
50,60,33,6989,0,pomelo,33.14
52,61,29,3666,1,pomelo,10.0
35,69,26,9596,1,pomelo,10.0
25,59,31,8140,0,pomelo,42.97
28,58,24,9785,0,pomelo,42.27
20,42,21,7895,0,pomelo,45.73
10,71,29,5107,0,pomelo,45.56
39,66,26,4280,0,pomelo,41.71
10,82,28,3212,1,pomelo,10.0
35,88,25,9078,1,pomelo,10.0
58,62,36,8601,1,pomelo,10.0
38,67,26,1613,1,pomelo,10.0
98,53,27,1868,0,pomelo,25.91
53,59,31,1811,0,pomelo,32.28
97,94,23,5862,0,pomelo,22.95
54,80,22,5177,0,pomelo,33.11
23,69,31,2744,0,pomelo,45.06
21,86,27,3256,0,pomelo,45.97
68,81,25,8612,0,pomelo,29.86
55,77,33,9713,0,pomelo,33.65
32,52,25,8196,0,pomelo,45.0
35,94,28,6423,0,pomelo,36.08
19,35,25,6089,0,pomelo,42.42
82,67,31,7608,0,pomelo,27.95
98,29,36,2469,0,pomelo,20.56
80,57,20,3675,0,pomelo,28.79
61,38,30,2513,0,pomelo,35.53
97,55,34,5876,0,pomelo,23.21
72,78,27,2451,0,pomelo,35.15
25,82,24,5654,1,pomelo,10.0
65,96,32,4007,0,pomelo,33.78
72,65,35,4124,0,pomelo,29.98
72,22,34,2753,1,pomelo,10.0
39,93,31,2612,1,pomelo,10.0
16,84,30,4275,0,pomelo,46.04
0,27,25,9747,0,pomelo,50.0
88,70,34,3049,0,pomelo,23.79
60,92,34,1824,0,pomelo,32.87
42,25,24,4030,0,pomelo,35.98
41,58,31,2081,1,pomelo,10.0
24,79,33,6299,1,pomelo,10.0
38,47,34,1492,0,pomelo,39.59
34,73,29,5764,0,pomelo,40.27
2,56,25,8202,1,pomelo,10.0
43,28,27,9266,0,pomelo,39.77
50,75,24,4360,0,pomelo,35.47
93,78,29,9562,0,pomelo,21.32
97,21,28,5682,0,pomelo,22.99
11,80,40,1328,0,pomelo,47.13
18,77,34,9968,0,pomelo,42.99
43,79,34,5674,0,pomelo,41.26
58,59,32,5316,0,pomelo,37.14
48,55,28,6803,0,pomelo,32.25
60,56,28,4325,0,pomelo,31.07
16,98,29,9379,0,pomelo,46.75
73,37,30,2214,0,pomelo,30.21
56,82,31,8556,0,pomelo,40.4
54,41,30,9722,0,pomelo,35.22
46,30,28,4136,0,pomelo,37.25
11,77,27,7618,1,pomelo,10.0
61,76,23,6265,0,pomelo,30.69
79,96,36,8089,1,pomelo,10.0
87,23,41,8965,0,pomelo,17.94
82,26,35,9708,0,pomelo,25.0
7,80,23,7569,1,pomelo,10.0
94,73,33,2491,1,pomelo,10.0
20,87,35,6213,1,pomelo,10.0
80,98,27,5228,0,pomelo,33.77
86,20,32,8508,0,pomelo,24.16
79,74,27,5409,0,pomelo,25.58
69,22,37,1590,0,pomelo,30.26
71,97,31,8379,0,pomelo,23.48
24,57,25,4056,0,pomelo,45.04
81,20,33,3206,0,pomelo,28.57
88,57,35,3708,0,pomelo,20.76
11,48,30,6981,0,pomelo,50.0
14,24,32,6722,0,pomelo,48.38
58,93,29,1747,1,pomelo,10.0
25,40,24,9992,0,pomelo,48.83
25,90,29,7553,0,pomelo,39.57
46,86,32,2497,1,pomelo,10.0
31,66,29,2379,0,pomelo,41.36
9,54,34,9871,0,pomelo,50.0
15,87,28,8360,0,pomelo,42.41
70,88,28,4770,0,pomelo,33.24
16,20,34,4342,0,pomelo,44.86
22,87,31,2546,0,pomelo,47.02
25,31,27,4126,0,pomelo,44.75
84,79,35,6889,0,pomelo,29.03
85,46,26,7208,0,pomelo,22.42
6,75,26,9875,0,pomelo,50.0
13,42,15,2295,0,pomelo,45.57
78,44,27,2385,0,pomelo,29.46
6,40,36,1942,0,pomelo,48.98
8,80,19,4280,0,pomelo,49.94
47,82,25,2033,0,pomelo,35.55
71,71,32,3786,0,pomelo,28.32
58,44,18,3233,0,pomelo,36.29
86,74,27,2620,0,pomelo,26.65
92,65,35,4535,0,pomelo,28.2
81,51,40,4205,0,pomelo,27.32
94,74,31,3882,0,pomelo,20.84
93,24,25,1170,0,pomelo,25.84
38,55,25,9140,0,pomelo,43.24
98,68,30,4897,0,pomelo,19.63
17,77,31,5122,0,pomelo,47.81
58,58,39,6109,1,pomelo,10.0
16,99,34,3837,0,pomelo,40.94
13,80,30,9599,0,pomelo,45.02
30,28,28,6228,0,pomelo,38.13
23,25,45,5169,0,pomelo,40.47
98,54,33,7721,1,pomelo,10.0
59,58,26,1679,0,pomelo,32.68
44,41,28,8429,0,pomelo,37.01
97,60,25,6487,0,pomelo,25.35
2,24,17,1236,0,pomelo,50.0
36,61,31,7804,0,pomelo,42.4
42,95,38,3423,0,pomelo,41.68
39,99,21,2032,1,pomelo,10.0
89,86,30,7339,0,pomelo,30.58
54,49,26,3940,0,pomelo,35.18
86,76,32,6409,0,pomelo,26.4
38,92,29,4132,0,pomelo,39.34
14,48,23,8080,0,pomelo,50.0
3,56,25,5942,0,pomelo,50.0
92,32,25,7961,0,pomelo,22.42
85,51,36,8730,0,pomelo,22.76
24,65,36,1633,1,pomelo,10.0
12,42,28,7822,0,pomelo,50.0
81,64,36,5103,0,pomelo,23.85
32,36,29,7487,0,pomelo,41.26
15,85,28,4446,0,pomelo,48.93
41,25,30,6738,0,pomelo,38.2
65,37,31,4098,0,pomelo,35.9
54,41,27,9097,0,pomelo,38.5
98,52,30,6476,0,pomelo,18.95
41,49,33,9253,0,pomelo,36.34
33,51,30,6181,0,pomelo,42.86
29,61,30,2817,0,pomelo,42.14
12,97,32,9824,0,pomelo,41.18
12,29,33,5887,0,pomelo,43.89
17,55,29,3598,0,pomelo,46.8
31,53,27,3653,0,pomelo,44.97
95,92,30,2454,0,pomelo,25.21
98,47,22,2138,0,pomelo,29.09
38,30,28,6807,0,pomelo,37.93
45,97,17,4192,0,pomelo,38.17
28,58,21,7116,0,pomelo,44.32
61,66,20,4759,1,pomelo,10.0
92,38,35,4029,1,pomelo,10.0
61,34,30,6095,1,pomelo,10.0
56,47,23,1063,0,pomelo,30.57
15,43,32,2345,0,pomelo,46.09
55,91,34,1974,0,pomelo,33.11
9,28,32,5161,0,pomelo,50.0
29,66,29,6962,0,pomelo,45.38
24,52,31,9649,0,pomelo,44.67
83,81,34,7596,0,pomelo,25.31
4,38,27,4330,0,pomelo,50.0
64,86,30,2740,0,pomelo,29.42
93,93,28,7055,0,pomelo,23.25
48,59,21,7321,0,pomelo,38.45
2,66,34,2954,1,pomelo,10.0
44,84,40,1279,0,pomelo,35.57
13,48,25,3391,0,pomelo,47.59
29,69,34,7439,0,pomelo,39.64
67,32,25,1961,0,pomelo,28.82
17,20,30,7827,0,pomelo,45.28
61,53,37,2217,0,pomelo,33.08
36,67,27,9566,0,pomelo,35.59
24,96,29,7007,0,pomelo,42.51
47,67,20,5130,0,pomelo,45.11
64,68,26,2392,0,pomelo,32.02
52,83,20,3076,0,pomelo,37.85
78,80,32,9966,0,pomelo,32.72
72,48,34,5316,0,pomelo,29.56
14,58,28,7196,0,pomelo,48.23
48,45,31,5589,0,pomelo,33.67
87,36,28,9142,0,pomelo,26.24
67,90,33,7260,0,pomelo,30.26
11,32,30,9471,0,pomelo,50.0
58,88,20,8897,0,pomelo,39.43
36,45,34,5841,0,pomelo,39.49
60,68,28,8161,0,pomelo,34.55
42,86,23,2059,1,pomelo,10.0
69,26,27,2922,0,pomelo,25.23
38,77,20,7101,0,pomelo,34.89
55,68,23,5592,0,pomelo,39.18
62,72,30,7349,0,pomelo,24.92
45,84,31,3473,0,pomelo,38.28
87,81,31,9108,0,pomelo,24.18
10,36,30,9096,0,pomelo,50.0
61,62,26,7748,0,pomelo,33.39
76,44,29,5549,0,pomelo,33.81
97,22,27,1594,1,pomelo,10.0
24,98,21,6452,0,pomelo,44.99
70,48,26,1506,0,pomelo,34.24
51,51,34,5889,0,pomelo,30.41
3,45,37,8637,0,pomelo,41.79
58,35,33,9212,0,pomelo,32.92
71,44,37,2399,0,pomelo,24.1
19,73,30,4201,0,pomelo,45.12
92,47,38,8854,0,pomelo,20.56
62,92,40,7763,0,pomelo,32.22
53,75,21,8962,1,pomelo,10.0
73,84,31,6190,0,pomelo,25.71
97,99,30,6681,0,pomelo,23.17
56,60,27,4678,1,pomelo,10.0
89,70,32,1336,0,pomelo,26.49
40,90,30,2667,1,pomelo,10.0
2,97,26,1909,0,pomelo,50.0
5,48,29,9467,0,pomelo,50.0
4,38,36,9204,1,pomelo,10.0
4,85,30,6122,0,pomelo,46.86
53,60,33,9153,1,pomelo,10.0
46,64,28,1973,0,pomelo,36.45
86,34,32,5270,1,pomelo,10.0
48,22,23,2408,0,pomelo,33.97
8,30,27,3288,0,pomelo,50.0
98,72,29,9738,0,pomelo,25.49
19,65,23,2218,1,pomelo,10.0
60,49,25,2420,0,pomelo,38.98
34,76,31,4377,0,pomelo,44.24
49,37,30,8501,0,pomelo,34.31
81,70,34,5098,0,pomelo,21.3
61,67,26,3738,0,pomelo,32.23
16,85,30,8619,0,pomelo,47.63
87,27,26,2842,0,pomelo,24.83
2,41,33,9938,0,pomelo,43.1
31,25,35,3816,1,pomelo,10.0
98,95,32,1494,0,pomelo,23.44
12,76,35,7560,0,pomelo,41.61
88,55,30,6510,0,pomelo,23.33
72,98,34,4444,0,pomelo,33.83
67,76,30,8543,0,pomelo,31.05
13,68,24,8562,0,pomelo,50.0
97,64,31,4994,0,pomelo,22.74
10,85,25,8253,0,pomelo,45.97
55,96,41,1045,0,pomelo,34.49
66,64,28,3057,0,pomelo,31.41
91,98,33,1663,0,pomelo,18.64
28,39,29,5668,0,pomelo,37.84
8,83,23,3029,0,pomelo,50.0
66,86,20,6717,1,pomelo,10.0
24,22,33,3696,0,pomelo,49.62
97,73,37,9831,0,pomelo,17.27
75,97,26,3663,0,pomelo,26.43
41,83,21,3745,0,pomelo,41.69
8,59,28,6004,0,pomelo,45.06
78,78,25,7321,0,pomelo,35.66
39,74,26,6125,0,pomelo,37.5
24,81,33,5948,0,pomelo,41.7
4,23,29,5402,0,pomelo,47.59
10,79,25,4427,0,pomelo,50.0
58,94,32,6912,0,pomelo,39.69
97,49,33,1394,1,pomelo,10.0
87,21,28,4597,0,pomelo,23.19
78,81,30,1329,1,pomelo,10.0
37,68,32,1772,0,pomelo,42.1
71,28,32,9135,0,pomelo,25.38
4,50,30,2645,0,pomelo,50.0
47,80,37,2787,0,pomelo,40.78
89,98,32,1999,0,pomelo,28.26
17,67,27,2848,0,pomelo,46.9
69,44,27,2561,0,pomelo,27.8
36,55,27,1773,0,pomelo,40.8
59,27,33,8311,0,pomelo,31.77
47,92,26,6179,0,pomelo,36.36
76,77,27,2803,0,pomelo,29.42
27,64,35,3050,0,pomelo,41.7
68,81,30,1747,0,pomelo,32.72
76,58,35,9125,0,pomelo,29.34
80,77,33,6860,0,pomelo,26.21
39,83,24,4973,1,pomelo,10.0
44,63,29,2615,0,pomelo,39.3
95,48,34,4754,0,pomelo,25.66
61,78,23,6506,0,pomelo,32.51
92,90,32,5221,0,pomelo,23.05
57,28,29,6291,0,pomelo,31.01
66,25,21,6854,0,pomelo,34.44
55,48,30,1216,0,pomelo,35.1
39,77,25,2359,0,pomelo,41.68
97,36,24,4774,0,pomelo,20.13
39,35,30,6417,0,pomelo,41.6
90,22,20,5927,0,pomelo,26.31
76,40,26,5429,0,pomelo,32.09
32,83,42,5606,0,pomelo,37.69
5,55,33,5478,0,pomelo,50.0
87,81,25,2896,0,pomelo,27.24
18,61,37,8366,0,pomelo,48.77
79,95,25,5427,0,pomelo,27.95
39,61,27,6361,0,pomelo,38.24
91,80,24,1641,0,pomelo,23.42
96,32,31,6346,0,pomelo,18.68
58,30,36,5729,0,pomelo,30.89
58,73,25,4627,0,pomelo,27.58
47,35,19,7594,0,pomelo,43.21
40,27,35,9387,1,pomelo,10.0
12,78,37,4275,0,pomelo,50.0
44,76,20,5050,0,pomelo,39.36
88,59,32,5553,0,pomelo,25.51
52,78,31,5925,0,pomelo,35.69
41,21,26,3304,0,pomelo,35.56
99,95,23,4343,0,pomelo,25.78
62,29,34,3056,1,pomelo,10.0
26,63,30,3808,0,pomelo,46.73
37,30,31,8092,0,pomelo,36.58
59,98,26,8226,0,pomelo,35.09
6,99,25,1886,1,pomelo,10.0
4,21,17,9584,0,pomelo,50.0
44,69,28,8720,0,pomelo,41.77
57,31,37,3446,0,pomelo,32.25
30,42,25,4905,0,pomelo,42.83
22,37,22,7474,0,pomelo,50.0
41,81,32,4591,0,pomelo,34.44
9,81,33,3181,0,pomelo,48.44
31,57,27,6011,0,pomelo,42.57
52,86,28,6030,0,pomelo,33.99
29,57,31,1354,0,pomelo,48.22
38,86,29,3631,0,pomelo,40.81
30,80,35,2521,0,pomelo,43.02
81,20,42,3672,0,pomelo,26.74
99,64,21,3337,0,pomelo,22.14
1,47,36,7968,0,pomelo,50.0
77,40,30,1628,0,pomelo,31.02
76,32,36,8162,0,pomelo,26.63
92,46,33,3679,0,pomelo,25.61
11,26,30,6266,0,pomelo,50.0
38,41,33,5422,0,pomelo,41.39
65,93,28,8463,0,pomelo,29.39
95,72,26,2126,1,pomelo,10.0
12,98,34,2780,0,pomelo,46.32
45,98,25,7571,0,pomelo,39.93
26,23,33,9584,0,pomelo,43.36
16,42,30,1825,0,pomelo,43.96
94,89,18,8276,0,pomelo,24.34
97,95,27,3395,0,pomelo,23.56
59,52,31,5145,0,pomelo,28.57
63,47,27,8059,1,pomelo,10.0
87,27,17,6492,0,pomelo,27.56
34,20,36,8111,0,pomelo,41.69
69,56,30,7792,0,pomelo,31.15
82,82,32,4551,0,pomelo,23.43
29,41,27,8711,1,pomelo,10.0
70,89,32,4628,0,pomelo,27.56
73,40,39,2565,0,pomelo,31.76
95,54,26,4667,1,pomelo,10.0
97,98,38,7459,0,pomelo,17.49
62,24,31,5096,0,pomelo,35.76
27,79,25,2019,0,pomelo,42.04
59,65,41,8928,0,pomelo,34.49
78,69,31,9254,1,pomelo,10.0
93,67,33,6965,0,pomelo,24.12
36,25,28,3269,0,pomelo,39.56
92,75,26,9835,1,pomelo,10.0
21,78,30,5721,0,pomelo,39.4
67,48,37,9408,1,pomelo,10.0
19,90,28,1195,0,pomelo,46.9
95,96,29,4273,0,pomelo,23.24
99,37,37,6110,0,pomelo,21.14
67,21,28,8401,0,pomelo,32.92
90,27,32,4212,0,pomelo,19.66
63,94,34,3755,0,pomelo,32.48
16,73,29,2521,1,pomelo,10.0
11,57,31,6674,0,pomelo,49.73
21,67,33,2080,0,pomelo,46.29
16,46,27,6623,0,pomelo,43.04
9,39,34,1721,1,pomelo,10.0
64,31,27,2562,0,pomelo,35.86
21,62,26,1639,0,pomelo,46.79
89,80,22,5260,0,pomelo,27.57
81,50,27,6190,0,pomelo,24.61
49,80,25,4736,1,pomelo,10.0
13,93,27,8746,0,pomelo,49.97
63,86,33,1089,0,pomelo,26.33
46,54,21,2251,0,pomelo,36.46
28,34,20,5703,0,pomelo,48.4
75,35,26,1348,0,pomelo,31.43
35,32,32,5052,0,pomelo,40.97
98,54,31,3941,0,pomelo,24.23
51,94,26,9437,0,pomelo,39.54
75,78,35,1271,1,pomelo,10.0
6,40,26,3030,0,pomelo,50.0
28,73,32,8836,0,pomelo,41.55
10,94,28,8041,0,pomelo,45.77
32,49,25,6175,0,pomelo,40.41
5,67,26,2126,0,pomelo,50.0
78,54,33,5379,0,pomelo,23.17
31,57,31,9708,0,pomelo,42.97
50,50,34,9052,0,pomelo,36.68
74,97,31,1611,0,pomelo,33.0
57,43,21,1749,0,pomelo,37.17
86,68,40,2856,0,pomelo,21.93
25,51,31,9591,0,pomelo,42.08
97,74,32,2526,0,pomelo,21.48
45,98,28,7229,0,pomelo,41.3
97,77,35,9511,0,pomelo,23.32
28,22,24,9527,0,pomelo,40.54
3,99,33,3098,0,pomelo,50.0
80,88,19,8865,0,pomelo,31.68
98,29,33,1173,0,pomelo,20.29
12,44,24,1500,0,pomelo,42.12
38,87,31,4646,0,pomelo,38.81
14,80,36,7219,0,pomelo,41.14
28,48,34,3363,1,pomelo,10.0
28,38,36,8540,0,pomelo,36.47
74,62,35,2896,0,pomelo,31.0
31,85,27,6759,0,pomelo,49.86
1,93,32,2778,0,pomelo,50.0
46,80,21,4057,0,pomelo,31.17
77,62,26,6190,0,pomelo,28.18
83,44,36,7997,0,pomelo,23.13
21,39,28,5747,0,pomelo,40.69
74,67,20,1045,0,pomelo,32.19
26,43,40,8758,0,pomelo,40.65
66,30,32,8053,0,pomelo,27.31
80,74,33,4201,0,pomelo,20.23
55,47,25,1455,0,pomelo,33.67
91,88,31,3924,0,pomelo,23.52
92,82,31,8798,0,pomelo,22.84
20,78,25,1965,0,pomelo,49.19
46,24,29,5964,0,pomelo,38.41
79,70,22,2528,0,pomelo,27.87
58,40,28,3976,1,pomelo,10.0
83,31,34,4071,1,pomelo,10.0
5,69,26,5869,0,pomelo,47.85
18,23,39,7387,0,pomelo,38.49
56,61,22,3521,1,pomelo,10.0
68,57,28,7525,0,pomelo,27.73
2,44,26,2126,0,pomelo,50.0
0,33,29,7632,0,pomelo,50.0
57,94,36,6773,0,pomelo,33.57
37,51,25,8716,0,pomelo,39.42
14,30,27,4404,0,pomelo,50.0
33,80,33,5492,0,pomelo,37.47
60,37,30,3343,0,pomelo,30.0
34,46,30,1106,0,pomelo,40.52
63,74,25,4154,0,pomelo,26.55
24,73,29,5053,0,pomelo,40.88
23,94,35,5801,0,pomelo,42.39
11,40,21,7139,0,pomelo,48.12
17,63,26,6580,0,pomelo,43.74
14,24,20,1214,0,pomelo,50.0
79,60,32,6400,0,pomelo,30.99
26,78,36,7875,0,pomelo,47.14
71,73,29,5289,0,pomelo,29.6
59,93,24,5253,0,pomelo,33.03
45,41,25,9656,0,pomelo,43.3
88,84,28,7247,0,pomelo,25.26
16,83,28,7177,0,pomelo,43.42
92,90,34,8269,0,pomelo,19.63
52,23,26,3372,0,pomelo,35.23
7,84,32,7834,0,pomelo,48.43
78,34,28,9783,0,pomelo,28.24
26,95,26,7617,0,pomelo,43.45
45,41,28,6150,1,pomelo,10.0
49,66,31,9102,0,pomelo,43.12
70,65,34,5158,0,pomelo,25.14
2,33,28,8727,0,pomelo,50.0
92,69,23,6206,0,pomelo,23.37
63,39,34,1303,0,pomelo,31.18
43,69,25,1333,0,pomelo,41.92
52,52,31,5506,0,pomelo,29.85
23,78,29,3331,0,pomelo,41.46
59,62,29,5561,0,pomelo,33.1
2,98,27,1079,0,pomelo,50.0
19,31,33,4763,0,pomelo,49.11
45,59,12,6196,0,pomelo,44.93
14,39,35,1732,0,pomelo,39.22
24,57,25,4976,0,pomelo,41.65
93,22,32,6659,0,pomelo,19.67
77,47,31,2384,0,pomelo,27.53
70,75,36,3124,0,pomelo,23.24
16,32,30,7652,0,pomelo,49.49
83,96,25,6283,0,pomelo,21.12
99,85,21,8176,0,pomelo,26.2
8,56,28,7605,0,pomelo,50.0
37,68,20,6707,0,pomelo,38.62
47,85,26,3292,0,pomelo,41.49
59,55,28,9376,0,pomelo,32.7
62,73,26,1997,1,pomelo,10.0
85,45,30,5664,0,pomelo,23.72
1,94,28,3357,0,pomelo,49.84
87,91,28,6491,0,pomelo,24.29
71,59,17,2679,0,pomelo,31.57
10,62,23,6715,0,pomelo,48.74
63,41,33,5886,0,pomelo,28.83
76,39,34,8440,0,pomelo,25.43
80,27,20,7821,0,pomelo,27.29
71,48,25,4527,0,pomelo,35.72
20,59,35,7813,0,pomelo,42.29
17,49,26,3745,0,pomelo,44.79
93,74,29,5090,0,pomelo,27.85
63,35,37,7158,0,pomelo,29.73
81,65,28,9561,0,pomelo,24.43
94,81,27,8471,0,pomelo,20.08
37,26,29,4743,1,pomelo,10.0
31,99,39,8008,0,pomelo,35.64
10,64,32,4324,0,pomelo,49.22
44,78,30,9632,0,pomelo,32.39
88,75,27,4257,0,pomelo,29.24
32,67,32,1226,0,pomelo,40.73
40,46,33,3401,0,pomelo,37.09
7,72,24,5718,0,pomelo,49.41
10,92,33,2024,1,pomelo,10.0
85,54,29,6672,0,pomelo,27.09
50,70,30,8727,1,pomelo,10.0
87,56,25,6280,0,pomelo,24.49
40,76,28,1870,0,pomelo,38.82
16,27,24,4199,0,pomelo,50.0
75,98,24,2745,0,pomelo,30.74
45,39,31,6270,0,pomelo,33.55
31,72,28,9635,0,pomelo,39.98
78,31,23,6886,1,pomelo,10.0
79,68,40,6590,1,pomelo,10.0
53,36,24,8897,0,pomelo,30.96
85,83,35,9664,0,pomelo,26.35
91,61,22,9271,0,pomelo,27.47
19,48,32,6158,0,pomelo,42.1
32,38,28,9431,0,pomelo,48.71
73,30,26,1589,1,pomelo,10.0
39,69,30,2884,0,pomelo,46.61
31,90,30,6399,0,pomelo,41.77
96,77,25,9503,0,pomelo,20.81
1,53,25,2076,0,pomelo,50.0
96,39,22,8235,0,pomelo,21.34
32,69,31,7837,0,pomelo,44.05
76,29,23,1033,1,pomelo,10.0
29,51,30,2841,0,pomelo,42.8
32,71,32,5481,0,pomelo,41.71
76,34,31,9440,0,pomelo,33.28
25,22,26,2134,1,pomelo,10.0
21,56,34,8261,1,pomelo,10.0
65,59,27,6298,0,pomelo,30.24
37,91,23,8017,0,pomelo,39.56
89,59,28,8771,1,pomelo,10.0
45,75,32,9567,0,pomelo,39.68
14,42,26,9915,0,pomelo,46.33
97,30,34,2913,0,pomelo,25.91
43,83,26,5297,0,pomelo,41.9
48,27,26,2942,0,pomelo,36.29
74,75,24,5004,0,pomelo,24.57
60,79,33,2331,0,pomelo,28.04
66,29,29,8890,0,pomelo,29.95
5,58,25,5588,0,pomelo,50.0
8,47,28,1337,0,pomelo,50.0
5,68,14,8066,0,pomelo,50.0
72,55,33,8813,0,pomelo,26.13
94,32,29,9983,0,pomelo,22.58
31,55,17,4611,1,pomelo,10.0
40,45,22,4700,1,pomelo,10.0
75,23,27,7118,1,pomelo,10.0
7,83,23,8105,0,pomelo,50.0
71,57,33,3673,0,pomelo,33.01
49,41,32,3122,1,pomelo,10.0
91,21,31,8082,0,pomelo,27.25
61,50,16,9250,0,pomelo,32.49
83,30,27,3062,0,pomelo,28.06
61,65,26,2254,0,pomelo,30.94
6,81,25,4688,0,pomelo,47.72
74,88,27,4748,0,pomelo,32.52
83,83,24,7342,0,pomelo,26.7
79,29,31,5130,0,pomelo,29.02
3,59,33,5257,1,pomelo,10.0
5,43,33,4029,0,pomelo,50.0
57,63,29,3846,0,pomelo,33.86
21,79,39,9662,1,pomelo,10.0
25,81,35,5035,0,pomelo,43.5
2,36,29,3899,0,pomelo,50.0
40,84,27,5443,0,pomelo,36.15
59,76,36,5789,0,pomelo,33.56
13,74,35,1912,1,pomelo,10.0
74,72,22,5242,0,pomelo,28.28
81,75,35,8541,1,pomelo,10.0
11,28,29,2711,0,pomelo,44.69
86,41,25,9866,0,pomelo,28.76
11,32,20,2439,0,pomelo,47.93
12,67,28,6613,0,pomelo,50.0
24,37,29,4630,0,pomelo,47.3
44,95,37,6375,0,pomelo,34.97
18,59,34,8103,0,pomelo,48.01
54,36,27,9877,0,pomelo,34.23
99,34,31,5216,0,pomelo,20.89
44,34,34,3466,0,pomelo,38.48
7,98,30,8824,0,pomelo,50.0
92,82,27,5124,0,pomelo,26.82
52,58,27,1965,1,pomelo,10.0
54,32,31,7928,0,pomelo,34.43
31,51,32,7096,0,pomelo,41.61
50,28,28,7157,0,pomelo,31.65
43,59,16,9120,0,pomelo,43.91
81,39,23,2508,1,pomelo,10.0
69,96,33,1871,0,pomelo,32.39
17,99,19,1863,1,pomelo,10.0
82,92,35,4055,0,pomelo,26.25
21,82,35,6133,1,pomelo,10.0
36,95,30,3682,0,pomelo,42.35
95,63,32,6278,0,pomelo,16.02
55,57,32,6448,0,pomelo,30.85
58,79,29,1613,0,pomelo,39.2
2,90,23,2872,0,pomelo,50.0
27,67,34,8723,0,pomelo,44.37
73,37,37,8189,0,pomelo,25.46
34,35,23,6386,0,pomelo,40.87
60,74,22,7942,0,pomelo,40.16
92,58,29,9759,0,pomelo,23.13
53,87,26,1244,0,pomelo,37.47
62,78,30,1020,0,pomelo,32.79
78,81,36,9585,1,pomelo,10.0
96,32,18,6767,0,pomelo,25.34
6,25,37,4515,0,pomelo,48.44
75,96,27,2910,0,pomelo,23.17
48,79,32,9481,1,pomelo,10.0
93,33,33,6882,0,pomelo,23.93
84,73,33,9552,0,pomelo,23.59
30,23,30,9076,0,pomelo,47.34
57,58,31,2622,0,pomelo,31.38
60,91,31,5314,0,pomelo,31.39
23,44,26,3453,0,pomelo,50.0
19,96,21,3015,0,pomelo,49.27
36,51,23,3800,1,pomelo,10.0
3,78,29,9772,0,pomelo,47.35
91,82,26,7752,0,pomelo,25.03
19,57,26,8453,0,pomelo,42.44
59,72,38,3853,0,pomelo,32.47
23,86,34,3236,0,pomelo,40.89
49,47,28,5176,0,pomelo,42.29
48,22,33,3155,0,pomelo,37.26
50,99,27,6698,0,pomelo,38.18
95,41,30,7829,1,pomelo,10.0
35,57,32,9537,0,pomelo,42.95
97,91,27,2886,0,pomelo,25.68
99,91,26,7471,0,pomelo,20.03
65,81,36,9746,0,pomelo,30.58
78,76,33,4770,0,pomelo,25.66
33,25,18,9391,0,pomelo,49.78
35,97,26,3940,0,pomelo,34.44
5,51,26,4490,0,pomelo,48.57
38,29,26,8899,0,pomelo,40.16
41,22,34,1306,0,pomelo,38.31
57,78,30,4075,0,pomelo,34.25
11,95,23,2656,0,pomelo,48.96
2,68,28,8244,0,pomelo,50.0
17,78,32,7611,0,pomelo,46.22
39,50,28,7322,0,pomelo,41.08
20,88,26,3692,0,pomelo,50.0
14,81,31,2764,0,pomelo,50.0
96,71,38,1275,0,pomelo,21.5
98,60,32,6271,0,pomelo,19.71
25,50,36,8331,0,pomelo,41.02
7,41,27,6025,1,pomelo,10.0
99,23,29,5050,0,pomelo,17.56
93,32,29,9080,0,pomelo,26.16
86,64,30,4460,0,pomelo,25.07
41,61,32,4835,0,pomelo,39.61
43,68,25,5278,0,pomelo,40.1
13,39,33,2844,0,pomelo,44.41
77,96,21,1071,1,pomelo,10.0
1,73,23,8386,1,pomelo,10.0
36,55,40,7862,1,pomelo,10.0
68,20,27,8340,0,pomelo,28.74
37,34,33,8635,1,pomelo,10.0
40,96,38,2043,0,pomelo,36.04
61,36,18,4042,0,pomelo,36.56
59,43,35,1814,0,pomelo,32.06
13,77,33,6622,0,pomelo,41.2
88,91,38,8332,0,pomelo,19.93
83,42,24,1309,0,pomelo,26.5
1,65,37,7661,0,pomelo,49.21
69,91,26,5227,1,pomelo,10.0
16,27,35,2877,0,pomelo,46.75
88,78,29,3486,0,pomelo,24.92
27,78,33,7886,0,pomelo,41.21
65,32,30,5835,1,pomelo,10.0
34,58,20,1794,0,pomelo,41.61
4,47,14,7786,0,pomelo,50.0
64,80,31,5014,1,pomelo,10.0
39,35,28,8392,0,pomelo,40.95
75,21,31,6353,0,pomelo,27.31
55,36,28,4407,0,pomelo,31.67
35,49,40,1974,0,pomelo,38.2
44,32,31,5237,0,pomelo,35.65
22,32,27,8248,0,pomelo,45.86
46,62,31,5369,1,pomelo,10.0
30,40,27,9050,1,pomelo,10.0
10,74,30,1464,0,pomelo,50.0
9,59,23,6327,0,pomelo,45.65
66,34,29,6415,1,pomelo,10.0
13,92,27,9115,0,pomelo,50.0
79,71,24,1287,0,pomelo,29.91
73,93,39,4195,0,pomelo,30.61
92,72,24,2992,0,pomelo,23.29
9,71,30,8450,0,pomelo,43.96
75,49,25,3925,0,pomelo,30.04
93,52,31,2120,0,pomelo,27.1
0,76,23,6310,1,pomelo,10.0
4,71,34,1446,0,pomelo,45.82
19,28,40,7627,0,pomelo,40.57
7,73,25,3896,1,pomelo,10.0
42,20,36,1721,0,pomelo,38.96
75,63,28,3163,0,pomelo,27.36
0,94,37,4980,0,pomelo,50.0
56,99,40,5502,0,pomelo,34.16
63,28,28,2725,0,pomelo,30.34
83,51,22,9885,0,pomelo,26.01
27,34,34,4413,0,pomelo,40.52
36,31,31,1494,1,pomelo,10.0
46,97,32,1947,0,pomelo,36.67
75,76,28,1022,0,pomelo,29.81
36,27,25,2128,0,pomelo,41.89
48,91,35,1557,0,pomelo,32.23
43,46,31,4730,0,pomelo,40.61
55,81,22,6341,0,pomelo,35.23
27,31,33,7998,0,pomelo,39.52
78,84,32,8182,0,pomelo,25.81
5,61,28,8034,0,pomelo,50.0
60,81,38,2656,0,pomelo,31.97
19,30,26,5173,1,pomelo,10.0
77,62,29,6441,0,pomelo,28.93
1,36,33,9998,0,pomelo,46.59
72,51,30,4312,0,pomelo,29.8
36,59,23,9645,0,pomelo,44.59
19,42,30,3324,0,pomelo,39.89
25,75,27,6595,0,pomelo,42.93
28,25,34,6984,0,pomelo,43.67
0,69,30,3511,0,pomelo,50.0
34,56,30,1362,0,pomelo,37.74
69,83,24,4454,0,pomelo,32.69
58,73,28,3798,0,pomelo,30.5
68,91,34,5620,0,pomelo,27.2
32,68,26,4255,0,pomelo,39.91
50,30,29,2217,1,pomelo,10.0
77,68,25,2485,0,pomelo,33.53
11,40,24,6349,0,pomelo,43.89
19,85,29,8195,1,pomelo,10.0
52,82,30,8750,0,pomelo,30.61
87,47,39,7079,0,pomelo,23.95
42,36,27,9035,0,pomelo,39.31
97,25,29,2507,0,pomelo,20.69
88,38,23,2003,0,pomelo,26.04
49,75,33,7403,1,pomelo,10.0
28,47,31,1925,0,pomelo,39.21
56,85,37,9275,0,pomelo,33.08
38,57,35,7583,0,pomelo,39.23
94,56,31,4927,0,pomelo,26.24
55,87,27,1985,0,pomelo,40.82
42,68,31,5231,0,pomelo,37.4
49,62,29,6302,0,pomelo,32.68
22,55,34,6291,0,pomelo,44.75
43,77,34,1908,0,pomelo,36.9
37,32,28,6051,0,pomelo,39.77
83,71,22,3586,0,pomelo,22.87
22,77,36,2331,0,pomelo,43.5
44,51,32,7851,1,pomelo,10.0
51,79,28,2806,0,pomelo,37.37
79,77,32,1805,0,pomelo,29.88
49,75,30,5147,0,pomelo,34.78
7,47,36,1071,0,pomelo,45.22
84,20,20,1027,0,pomelo,26.26
0,61,28,9660,0,pomelo,50.0
7,67,37,4983,0,pomelo,50.0
28,59,32,9955,1,pomelo,10.0
95,82,38,8055,1,pomelo,10.0
4,95,23,7690,0,pomelo,50.0
85,91,35,4832,0,pomelo,26.44
46,99,35,1559,1,pomelo,10.0
33,23,21,8957,0,pomelo,42.8
64,57,28,4831,0,pomelo,32.57
54,46,29,8344,0,pomelo,35.81
89,28,21,6171,0,pomelo,25.34
42,35,28,1078,0,pomelo,41.47
73,75,34,5929,1,pomelo,10.0
29,95,28,4647,1,pomelo,10.0
81,50,31,2031,0,pomelo,21.54
16,33,31,8381,0,pomelo,41.6
25,44,29,3072,0,pomelo,38.74
7,53,26,7911,0,pomelo,47.29
46,86,33,7088,0,pomelo,40.64
75,43,22,2484,0,pomelo,26.53
90,92,30,6838,0,pomelo,20.54
71,45,36,2550,0,pomelo,26.02
88,39,27,6497,1,pomelo,10.0
45,83,26,5682,1,pomelo,10.0
67,29,33,2829,0,pomelo,33.62
32,86,30,4751,0,pomelo,45.71
0,43,33,7081,0,pomelo,50.0
18,24,30,7601,0,pomelo,48.83
30,86,18,5459,1,pomelo,10.0
79,77,35,4856,0,pomelo,31.26
13,46,40,7182,0,pomelo,39.71
52,99,36,7083,0,pomelo,30.53
47,34,12,8970,0,pomelo,38.4
68,54,32,3094,0,pomelo,30.51
89,95,27,7238,0,pomelo,25.2
61,72,24,4032,0,pomelo,34.25
91,63,30,2548,0,pomelo,26.2
65,45,29,9559,0,pomelo,25.95
63,66,32,1064,0,pomelo,31.28
69,53,30,4299,1,pomelo,10.0
62,69,24,5849,0,pomelo,34.4
72,31,27,6639,0,pomelo,29.02
32,23,26,3035,0,pomelo,42.77
40,67,21,6674,0,pomelo,43.87
88,74,23,3228,0,pomelo,26.19
47,20,28,6620,0,pomelo,43.71
12,85,37,1596,0,pomelo,48.85
72,49,27,4606,0,pomelo,30.8
76,22,26,4889,0,pomelo,30.51
30,40,24,4506,0,pomelo,45.43
74,68,30,2395,1,pomelo,10.0
67,81,35,8529,0,pomelo,34.96
97,57,40,9303,0,pomelo,23.42
3,34,31,1452,1,pomelo,10.0
18,71,30,8336,0,pomelo,47.14
69,98,27,3631,0,pomelo,28.71
97,65,28,3186,0,pomelo,23.54
81,44,33,6967,1,pomelo,10.0
12,40,28,7374,0,pomelo,49.54
22,24,29,6358,1,pomelo,10.0
82,89,29,5348,0,pomelo,28.93
74,66,27,2459,0,pomelo,27.2
0,87,29,2942,0,pomelo,50.0
87,37,19,6422,0,pomelo,29.5
53,40,32,6196,0,pomelo,31.07
70,42,41,1061,0,pomelo,24.2
88,83,27,2494,0,pomelo,28.55
84,86,31,2180,0,pomelo,23.03
14,59,34,7268,0,pomelo,50.0
64,29,36,3788,0,pomelo,29.76
75,71,28,5636,0,pomelo,30.05
70,91,20,5721,0,pomelo,33.01
14,94,31,6710,0,pomelo,44.46
20,80,30,8702,1,pomelo,10.0
18,83,28,1105,0,pomelo,50.0
59,24,29,5087,0,pomelo,32.67
92,72,30,4925,0,pomelo,23.58
88,74,31,2908,0,pomelo,18.45
32,56,31,3049,0,pomelo,37.19
48,75,28,9172,0,pomelo,40.38
95,78,31,4904,1,pomelo,10.0
34,88,28,4796,0,pomelo,41.18
43,92,33,1292,0,pomelo,35.74
89,78,26,7266,0,pomelo,23.39
10,21,30,7370,0,pomelo,49.65
98,84,21,5860,0,pomelo,27.18
71,79,28,4729,0,pomelo,28.41
77,70,32,8962,0,pomelo,30.79
73,49,24,6510,0,pomelo,29.82
65,30,28,9619,0,pomelo,33.4
45,95,17,7761,0,pomelo,34.77
8,58,23,7110,0,pomelo,45.19
2,96,24,7955,0,pomelo,50.0
84,91,30,1106,0,pomelo,26.62
25,82,31,5754,0,pomelo,44.51
71,83,29,6278,0,pomelo,26.66
47,80,28,7408,0,pomelo,36.03
65,73,28,8635,1,pomelo,10.0
69,92,33,2225,0,pomelo,24.68
27,77,31,5250,0,pomelo,40.16
92,75,28,1895,0,pomelo,23.73
25,53,36,2620,0,pomelo,43.28
24,50,39,6088,0,pomelo,39.86
11,71,23,6419,0,pomelo,50.0
4,95,32,2385,0,pomelo,49.29
97,20,45,3433,0,pomelo,18.22
47,74,31,2301,0,pomelo,36.95
36,41,30,7858,0,pomelo,46.5
78,59,29,9950,0,pomelo,27.32
43,20,32,9938,1,pomelo,10.0
99,84,33,9784,0,pomelo,23.56
14,82,23,6644,0,pomelo,49.84
42,73,29,6088,0,pomelo,37.86
47,61,18,6440,1,pomelo,10.0
86,40,28,8493,1,pomelo,10.0
69,98,25,7291,0,pomelo,26.65
45,41,31,4307,0,pomelo,35.42
42,57,21,9894,0,pomelo,40.43
20,99,27,5708,0,pomelo,45.29
22,27,34,1104,1,pomelo,10.0
79,81,26,4833,0,pomelo,31.99
46,66,20,1395,0,pomelo,37.0
14,36,31,4517,0,pomelo,46.16
24,36,27,4291,0,pomelo,46.01
35,32,29,3010,0,pomelo,39.87
74,36,26,5537,0,pomelo,32.52
50,57,39,5968,0,pomelo,30.94
14,97,22,5762,1,pomelo,10.0
67,64,44,2051,0,pomelo,23.54
20,25,28,3841,0,pomelo,44.54
12,54,30,7618,0,pomelo,47.19
85,33,27,5723,0,pomelo,26.75
18,91,26,8472,0,pomelo,46.82
33,80,26,8913,0,pomelo,40.67
77,34,33,6524,0,pomelo,22.78
67,73,22,4584,0,pomelo,32.14
51,46,31,9539,0,pomelo,32.38
26,32,19,2263,0,pomelo,45.61
28,50,31,5665,0,pomelo,39.08
27,54,34,9014,1,pomelo,10.0
34,79,23,2351,0,pomelo,43.34
7,25,33,7980,0,pomelo,50.0
15,88,30,8190,0,pomelo,44.32
35,77,37,4827,0,pomelo,35.3
29,68,25,9861,0,pomelo,46.73
17,42,44,3646,0,pomelo,48.4
1,53,18,1266,0,pomelo,49.36
48,45,28,8434,0,pomelo,36.73
76,66,21,2022,1,pomelo,10.0
3,24,39,8947,0,pomelo,49.76
89,39,28,3037,0,pomelo,23.92
88,25,29,9756,0,pomelo,19.55
93,89,32,8778,0,pomelo,18.58
74,78,29,2059,1,pomelo,10.0
6,83,27,2424,0,pomelo,46.0
94,37,23,5123,0,pomelo,21.08
73,23,30,1219,0,pomelo,29.36
38,36,31,1405,0,pomelo,42.69
12,33,33,3318,0,pomelo,42.73
30,97,39,9983,0,pomelo,37.84
70,32,19,6058,1,pomelo,10.0
62,26,29,2309,0,pomelo,29.27
55,63,35,8621,0,pomelo,34.37
41,34,29,5929,0,pomelo,36.43
60,38,18,9702,0,pomelo,32.37
41,82,23,9683,0,pomelo,35.31
55,54,31,2617,0,pomelo,38.38
35,54,31,2520,0,pomelo,46.87
83,38,33,8892,0,pomelo,25.75
67,39,26,2583,0,pomelo,36.16
6,54,31,7704,1,pomelo,10.0
53,51,25,8988,0,pomelo,34.4
0,67,31,7583,0,pomelo,50.0
43,63,30,2575,0,pomelo,40.05
44,43,25,7935,0,pomelo,36.54
46,80,37,7176,0,pomelo,35.32
12,36,21,3613,0,pomelo,48.35
21,90,29,4892,0,pomelo,46.21
20,69,25,9653,0,pomelo,46.19
85,84,39,7733,0,pomelo,21.52
91,51,32,5431,0,pomelo,22.4
8,55,26,9112,0,pomelo,50.0
25,32,28,2381,1,pomelo,10.0
8,89,39,4515,0,pomelo,48.45
14,77,25,5454,1,pomelo,10.0
9,33,21,8769,1,pomelo,10.0
87,56,31,7489,0,pomelo,26.09
41,98,31,9384,0,pomelo,45.27
71,87,33,4534,1,pomelo,10.0
23,59,33,1755,0,pomelo,40.11
79,78,38,3525,0,pomelo,27.83
48,99,21,1827,0,pomelo,38.56
25,35,23,5748,0,pomelo,45.93
90,81,33,3333,0,pomelo,23.95
36,23,24,5946,0,pomelo,39.3
67,64,22,9302,0,pomelo,29.39
49,47,39,9046,0,pomelo,34.5
23,85,21,9984,0,pomelo,43.55
18,50,28,8181,0,pomelo,44.89
99,22,29,4414,1,pomelo,10.0
59,27,36,7457,0,pomelo,34.49
38,43,20,7749,0,pomelo,37.92
73,34,32,1296,1,pomelo,10.0
88,62,25,1568,0,pomelo,25.02
17,50,33,6283,0,pomelo,48.46
18,92,25,8664,1,pomelo,10.0
35,64,37,8511,1,pomelo,10.0
73,85,25,6465,0,pomelo,28.58
96,27,17,9263,0,pomelo,29.21
54,90,26,5382,1,pomelo,10.0
68,76,28,1065,0,pomelo,26.35
46,99,35,1879,0,pomelo,41.66
48,49,23,9259,0,pomelo,38.05
98,93,23,8222,0,pomelo,19.01
97,37,34,6069,0,pomelo,23.6
32,88,23,4239,0,pomelo,44.09
20,58,29,1507,0,pomelo,49.35
80,79,29,8704,0,pomelo,22.59
21,62,31,2125,0,pomelo,41.21
47,64,26,1885,0,pomelo,40.01
36,42,25,3841,0,pomelo,48.85
14,88,31,8975,1,pomelo,10.0
34,25,25,7565,0,pomelo,43.53
91,75,23,7083,0,pomelo,27.29
70,23,36,5870,0,pomelo,26.52
31,42,32,3525,0,pomelo,40.75
10,25,38,5215,1,pomelo,10.0
9,51,33,2938,0,pomelo,45.84
72,37,23,4232,0,pomelo,32.31
77,34,30,4744,0,pomelo,30.69
76,59,24,7221,0,pomelo,29.96
56,92,21,4465,0,pomelo,38.39
24,93,27,1440,0,pomelo,44.31
1,25,34,1461,1,pomelo,10.0
63,82,31,9803,0,pomelo,35.87
34,86,23,6413,0,pomelo,39.62
6,30,27,6755,0,pomelo,50.0
84,62,29,6012,0,pomelo,23.85
17,36,21,4163,0,pomelo,47.75
66,23,33,7752,0,pomelo,27.02
41,82,28,1005,0,pomelo,40.62
38,87,23,5776,0,pomelo,41.39
40,60,22,8038,0,pomelo,42.82
74,24,35,7414,0,pomelo,22.6
23,51,28,6739,0,pomelo,44.9
59,89,35,4970,0,pomelo,33.51
45,54,37,3606,0,pomelo,33.13
18,41,35,1098,0,pomelo,46.2
67,84,27,1525,0,pomelo,24.61
89,41,17,7337,0,pomelo,26.52
41,30,31,2180,0,pomelo,42.74
31,96,40,9067,0,pomelo,39.29
38,22,29,5491,0,pomelo,37.64
35,28,20,6922,1,pomelo,10.0
96,79,26,4071,0,pomelo,22.81
35,95,29,6641,0,pomelo,41.0
2,33,24,8381,0,pomelo,50.0
72,37,17,3792,0,pomelo,32.39
7,92,29,5778,0,pomelo,50.0
96,42,26,1014,0,pomelo,23.28
69,93,38,3415,0,pomelo,26.45
40,66,30,3685,0,pomelo,34.79
67,88,32,9159,0,pomelo,31.62
12,66,29,8926,0,pomelo,40.19
48,49,30,5100,0,pomelo,31.3
59,44,21,7374,1,pomelo,10.0
1,47,24,7004,1,pomelo,10.0
59,44,35,6521,0,pomelo,28.11
4,93,31,8155,1,pomelo,10.0
43,97,28,4297,0,pomelo,40.64
26,77,32,3633,0,pomelo,38.33
31,60,32,4890,0,pomelo,42.71
20,44,39,1791,0,pomelo,40.1
7,97,30,1151,0,pomelo,48.46
71,67,24,4063,1,pomelo,10.0
49,29,29,7367,0,pomelo,36.31
66,94,33,8904,0,pomelo,30.12
43,30,34,3091,0,pomelo,35.36
57,40,21,5599,0,pomelo,31.0
2,64,31,8408,0,pomelo,50.0
85,26,25,3977,0,pomelo,28.17
69,83,27,1842,0,pomelo,32.94
1,83,34,4793,1,pomelo,10.0
86,21,33,2659,1,pomelo,10.0
43,95,26,9789,0,pomelo,39.15
1,61,29,6162,0,pomelo,50.0
80,73,27,7446,0,pomelo,25.29
34,94,44,5270,0,pomelo,39.35
97,35,31,4603,0,pomelo,22.94
86,37,25,7764,0,pomelo,25.31
29,78,36,2216,0,pomelo,41.24
7,35,36,3291,0,pomelo,47.62
21,25,38,4811,0,pomelo,44.47
43,76,40,5993,1,pomelo,10.0
57,66,33,6142,0,pomelo,28.67
35,67,28,7862,1,pomelo,10.0
68,61,28,7533,0,pomelo,26.31
76,95,28,8526,0,pomelo,24.06
92,79,27,3978,0,pomelo,22.67
30,96,36,6347,0,pomelo,42.17
46,23,30,8933,0,pomelo,30.46
54,21,34,5595,0,pomelo,34.28
79,78,33,7211,0,pomelo,30.28
61,46,24,3170,0,pomelo,34.72
29,46,21,9527,1,pomelo,10.0
54,98,23,4021,0,pomelo,30.14
15,91,27,9970,0,pomelo,48.66
11,26,30,8836,0,pomelo,48.43
16,82,26,2185,0,pomelo,45.97
15,65,33,4285,1,pomelo,10.0
11,82,27,4447,0,pomelo,48.85
7,31,31,4991,0,pomelo,44.51
83,32,30,5899,0,pomelo,26.25
2,62,38,2935,0,pomelo,50.0
15,36,25,9825,0,pomelo,45.42
29,82,41,2285,0,pomelo,38.69
22,55,27,9545,1,pomelo,10.0
91,27,23,8479,1,pomelo,10.0
4,88,28,6255,0,pomelo,48.5
83,99,46,2885,0,pomelo,21.47
64,55,34,6062,0,pomelo,28.51
29,47,33,8066,0,pomelo,39.39
20,66,33,4022,0,pomelo,45.95
83,95,26,6265,0,pomelo,21.67
69,49,31,2547,1,pomelo,10.0
21,42,30,5204,0,pomelo,45.25
81,35,39,8590,0,pomelo,26.44
71,33,29,2368,0,pomelo,25.84
31,93,28,2757,0,pomelo,41.87
32,90,24,5917,0,pomelo,39.85
15,71,30,4484,0,pomelo,49.91
75,56,31,4052,0,pomelo,27.68
37,48,23,9382,0,pomelo,45.72
97,86,32,1932,0,pomelo,25.47
13,34,31,5237,0,pomelo,47.82
35,66,35,8240,0,pomelo,45.93
96,65,36,4238,0,pomelo,16.28
22,71,30,1565,0,pomelo,48.74
65,38,24,6378,1,pomelo,10.0
84,96,25,6558,0,pomelo,26.0
1,40,38,1743,1,pomelo,10.0
90,83,30,9864,0,pomelo,23.62
72,56,38,9722,0,pomelo,26.42
64,46,32,6409,0,pomelo,27.05
74,74,33,9753,0,pomelo,29.91
66,48,34,6629,0,pomelo,26.68
51,39,23,7318,0,pomelo,35.33
61,44,31,1301,0,pomelo,30.86
22,89,23,4767,0,pomelo,48.79
25,82,28,5280,0,pomelo,43.68
67,55,33,8506,0,pomelo,22.97
81,21,24,9701,0,pomelo,25.2
54,41,32,7962,0,pomelo,29.71
5,35,22,6429,0,pomelo,50.0
34,37,35,8248,0,pomelo,36.25
21,88,26,4445,0,pomelo,43.68
42,73,24,3203,0,pomelo,44.85
14,49,22,3834,0,pomelo,50.0
85,64,27,9986,0,pomelo,22.61
59,38,20,3479,0,pomelo,37.78
11,53,27,5856,0,pomelo,46.15
48,32,35,1434,0,pomelo,38.07
41,62,29,2706,1,pomelo,10.0
37,81,24,9260,0,pomelo,39.86
81,41,31,6725,0,pomelo,23.62
44,71,30,2904,0,pomelo,34.64
34,71,39,8018,0,pomelo,39.86
29,55,33,4959,0,pomelo,44.44
87,92,31,7825,0,pomelo,25.82
29,38,34,7347,0,pomelo,40.2
77,57,29,7156,0,pomelo,22.71
5,89,29,3713,0,pomelo,47.78
66,98,38,7194,0,pomelo,25.84
79,76,21,7512,0,pomelo,33.21
6,39,34,7867,0,pomelo,47.2
51,28,29,4727,0,pomelo,36.8
13,51,28,4546,0,pomelo,46.47
72,23,27,3303,0,pomelo,31.29
14,69,30,4681,0,pomelo,48.95
20,24,29,8852,0,pomelo,50.0
34,39,27,4221,0,pomelo,40.03
65,94,26,5374,0,pomelo,35.43
90,56,20,2082,0,pomelo,26.83
1,41,26,9637,0,pomelo,49.77
34,77,27,2592,0,pomelo,39.88
81,87,30,6608,0,pomelo,28.11
77,63,39,6526,0,pomelo,25.21
19,53,26,6179,0,pomelo,46.41
81,96,24,7472,0,pomelo,29.89
9,61,26,3775,0,pomelo,50.0
24,28,30,2590,0,pomelo,43.9
65,26,32,7004,0,pomelo,27.72
24,87,33,8230,0,pomelo,44.39
53,38,34,3231,0,pomelo,32.85
32,50,34,6118,0,pomelo,46.28
35,54,28,7454,0,pomelo,39.41
94,76,40,8960,0,pomelo,20.86
13,80,28,2561,0,pomelo,49.37
64,50,30,4646,0,pomelo,33.27
79,72,36,8596,0,pomelo,30.27
53,51,32,8240,0,pomelo,36.7
51,85,18,5942,0,pomelo,45.13
2,78,30,4238,1,pomelo,10.0
98,29,34,2600,0,pomelo,22.15
40,21,23,6700,0,pomelo,44.3
5,85,33,7071,0,pomelo,47.49
24,79,31,1709,0,pomelo,49.52
12,36,35,3971,1,pomelo,10.0
97,35,26,1793,0,pomelo,21.66
7,35,34,4099,0,pomelo,50.0
20,65,30,7030,0,pomelo,47.68
97,58,38,6765,0,pomelo,20.5
67,50,43,1026,1,pomelo,10.0
24,20,37,7693,1,pomelo,10.0
78,30,32,6322,0,pomelo,31.69
67,23,41,9276,0,pomelo,28.66
44,90,33,6951,0,pomelo,41.31
59,45,25,4101,0,pomelo,35.43
11,69,29,7609,0,pomelo,46.77
31,31,33,6309,0,pomelo,42.06
95,94,34,1011,1,pomelo,10.0
91,84,24,8770,0,pomelo,25.0
12,66,24,6413,0,pomelo,47.27
30,72,28,6774,0,pomelo,43.1
77,90,32,1179,1,pomelo,10.0
19,21,33,1796,0,pomelo,45.91
17,43,30,8279,0,pomelo,38.54
92,23,25,8188,0,pomelo,25.9
59,38,38,8312,0,pomelo,33.92
62,45,24,3024,1,pomelo,10.0
5,94,36,8666,0,pomelo,50.0
31,59,33,4217,0,pomelo,37.39
92,69,36,7584,0,pomelo,19.15
42,62,27,6285,0,pomelo,39.63
1,94,29,8370,0,pomelo,48.76
59,86,30,2519,0,pomelo,29.73
22,31,27,7611,0,pomelo,43.76
82,86,31,7856,1,pomelo,10.0
30,46,37,3432,0,pomelo,39.52
4,73,23,7457,0,pomelo,48.15
82,85,26,5866,0,pomelo,24.13
33,68,26,6054,1,pomelo,10.0
9,35,29,3070,0,pomelo,48.14
88,21,29,2781,0,pomelo,20.45
1,79,33,9530,0,pomelo,45.71
10,73,30,2516,0,pomelo,48.21
49,49,31,6491,0,pomelo,40.62
30,57,31,6949,1,pomelo,10.0
55,47,31,4290,1,pomelo,10.0
78,44,33,5570,1,pomelo,10.0
72,29,29,2379,0,pomelo,31.8
86,79,38,8670,1,pomelo,10.0
82,61,42,1800,1,pomelo,10.0
8,59,33,6267,1,pomelo,10.0
98,96,31,4495,0,pomelo,25.07
20,61,33,4257,0,pomelo,38.98
72,66,24,7558,0,pomelo,26.37
27,56,30,1981,1,pomelo,10.0
61,99,26,3088,0,pomelo,33.53
6,41,32,3952,0,pomelo,50.0
79,76,26,3126,1,pomelo,10.0
15,46,28,5812,0,pomelo,48.81
96,60,20,9063,0,pomelo,20.17
3,99,24,4861,1,pomelo,10.0
3,53,31,6903,1,pomelo,10.0
39,51,25,3591,0,pomelo,43.71
16,85,35,4322,1,pomelo,10.0
51,31,25,7437,0,pomelo,36.46
92,59,32,9801,0,pomelo,25.33
51,92,26,3861,0,pomelo,34.68
35,95,31,2655,0,pomelo,35.67
37,92,22,2755,0,pomelo,44.04
49,29,27,9237,0,pomelo,38.31
62,67,25,7227,1,pomelo,10.0
62,39,34,5638,0,pomelo,27.86
61,58,32,3567,1,pomelo,10.0
98,79,23,4123,0,pomelo,21.0
6,85,28,6164,0,pomelo,50.0
26,84,26,8081,1,pomelo,10.0
91,70,34,5907,1,pomelo,10.0
85,55,36,5962,0,pomelo,24.92
13,43,22,8150,0,pomelo,50.0
70,46,34,2766,0,pomelo,27.63
85,21,25,4549,0,pomelo,30.77
4,50,28,3309,1,pomelo,10.0
54,76,30,2976,0,pomelo,34.47
1,97,39,8180,0,pomelo,41.8
61,85,24,3490,0,pomelo,34.22
90,48,34,9917,0,pomelo,25.01
20,34,24,5381,0,pomelo,47.09
78,31,23,6987,0,pomelo,27.72
20,47,30,8425,0,pomelo,39.14
9,43,30,4619,0,pomelo,46.35
86,40,15,7060,0,pomelo,26.53
57,29,35,9689,0,pomelo,30.92
38,97,19,4976,0,pomelo,43.64
4,37,29,1704,1,pomelo,10.0
64,33,36,6452,0,pomelo,29.6
12,53,41,7094,0,pomelo,49.35
84,77,28,4681,1,pomelo,10.0
89,95,22,5138,0,pomelo,25.22
84,41,36,2916,0,pomelo,28.25
52,89,34,8501,0,pomelo,35.24
81,55,27,2845,0,pomelo,28.09
44,64,26,5654,0,pomelo,36.55
31,55,26,7413,0,pomelo,38.45
35,41,28,9111,0,pomelo,40.68
80,97,31,8990,0,pomelo,31.86
98,99,27,4090,1,pomelo,10.0
59,80,27,2370,0,pomelo,32.52
10,75,33,2928,0,pomelo,45.55
62,52,22,2636,1,pomelo,10.0
20,64,28,7180,0,pomelo,44.88
51,55,21,9283,0,pomelo,42.8
54,39,30,2843,1,pomelo,10.0
25,37,20,9376,0,pomelo,47.86
67,57,34,1831,0,pomelo,33.74
33,86,23,6538,1,pomelo,10.0
51,42,21,6315,0,pomelo,31.56
81,35,28,9455,0,pomelo,24.63
98,78,38,6327,1,pomelo,10.0
92,88,33,2286,0,pomelo,20.43
51,87,20,2529,1,pomelo,10.0
28,40,23,7655,0,pomelo,47.41
37,97,28,2877,0,pomelo,42.28
41,97,41,6431,0,pomelo,39.67
20,89,25,3478,0,pomelo,40.37
41,31,25,1100,0,pomelo,43.03
12,35,37,4087,0,pomelo,47.98
63,33,30,6828,0,pomelo,29.33
16,80,35,8425,0,pomelo,44.61
8,90,26,3291,0,pomelo,46.72
40,65,29,6467,0,pomelo,38.91
0,51,36,9296,1,pomelo,10.0
1,34,29,1693,0,pomelo,50.0
59,63,35,6786,0,pomelo,36.51
47,36,31,6406,1,pomelo,10.0
28,60,24,4491,0,pomelo,40.98
96,73,29,4392,0,pomelo,20.99
9,63,34,3268,0,pomelo,44.19
57,24,33,6632,1,pomelo,10.0
59,46,29,4783,0,pomelo,35.8
20,97,20,6973,0,pomelo,42.27
27,98,21,6969,1,pomelo,10.0
74,62,22,9981,1,pomelo,10.0
33,50,27,5648,0,pomelo,42.23
7,36,28,5939,0,pomelo,45.62
58,73,22,9850,1,pomelo,10.0
85,81,35,9024,0,pomelo,24.64
71,51,23,8857,0,pomelo,34.57
48,59,23,2018,0,pomelo,36.47
78,32,30,2953,0,pomelo,28.26
16,54,34,4657,1,pomelo,10.0
59,24,40,5846,0,pomelo,28.62
86,92,32,3296,1,pomelo,10.0
87,48,37,1774,0,pomelo,23.16
44,89,23,3811,0,pomelo,34.53
82,44,40,4182,0,pomelo,26.52
68,41,20,8867,0,pomelo,31.35
31,85,27,5329,1,pomelo,10.0
43,64,32,7167,0,pomelo,37.07
64,88,21,4097,0,pomelo,33.81
86,91,25,2404,0,pomelo,20.3
7,20,24,6101,1,pomelo,10.0
76,63,28,2369,1,pomelo,10.0
71,94,37,6497,0,pomelo,26.22
86,58,30,7665,0,pomelo,25.61
42,73,27,3064,0,pomelo,38.52
0,94,15,3765,0,pomelo,50.0
50,48,32,3817,0,pomelo,39.38
23,73,33,8791,0,pomelo,43.92
98,35,21,1716,0,pomelo,20.33
23,39,29,5040,0,pomelo,42.82
16,65,30,2711,0,pomelo,48.17
4,86,34,6367,0,pomelo,49.23
19,84,26,7261,0,pomelo,49.93
20,77,25,1008,0,pomelo,46.21
57,72,27,9789,0,pomelo,34.85
30,20,36,5118,0,pomelo,45.67
99,85,35,7086,0,pomelo,17.01
10,48,29,7383,1,pomelo,10.0
51,89,35,4667,0,pomelo,39.9
14,27,18,3246,1,pomelo,10.0
82,48,33,4626,0,pomelo,28.11
6,70,24,3822,0,pomelo,50.0
27,52,38,9283,0,pomelo,39.2
50,22,24,1850,0,pomelo,42.09
57,79,25,2107,0,pomelo,35.3
4,54,32,1299,0,pomelo,48.84
4,88,33,9102,0,pomelo,50.0
93,95,27,6400,1,pomelo,10.0
95,39,31,2082,0,pomelo,22.68
7,92,32,9167,0,pomelo,46.16
63,58,31,3800,0,pomelo,31.51
9,23,27,4951,0,pomelo,49.82
37,38,32,9967,0,pomelo,38.22
95,64,37,7768,0,pomelo,22.72
91,62,23,2452,0,pomelo,24.21
80,32,25,2681,0,pomelo,29.38
94,32,30,3303,0,pomelo,23.81
7,79,24,8157,0,pomelo,50.0
24,76,20,2851,1,pomelo,10.0
72,71,35,2897,1,pomelo,10.0
65,72,18,6825,1,pomelo,10.0
78,62,27,9806,0,pomelo,24.15
49,91,33,1244,0,pomelo,38.99
66,91,31,9948,0,pomelo,28.4
48,61,28,4807,0,pomelo,36.44
35,45,24,3779,0,pomelo,39.76
67,42,31,2846,1,pomelo,10.0
77,62,25,8021,0,pomelo,29.11
40,96,31,1473,0,pomelo,38.47
88,47,30,5131,0,pomelo,26.55
61,28,30,2792,0,pomelo,32.83
9,39,26,2734,0,pomelo,47.92
20,75,40,8215,0,pomelo,37.61
35,58,31,8229,0,pomelo,42.95
11,70,28,6188,0,pomelo,49.65
90,31,31,6281,0,pomelo,26.58
1,98,26,6858,0,pomelo,50.0
12,74,28,1944,1,pomelo,10.0
52,97,41,2511,0,pomelo,34.27
31,30,26,5081,0,pomelo,40.54
94,45,29,7118,1,pomelo,10.0
15,61,27,1858,0,pomelo,44.87
31,46,24,4560,0,pomelo,42.05
31,30,32,9421,0,pomelo,44.07
97,57,30,9369,0,pomelo,21.08
10,62,34,3615,0,pomelo,47.04
9,38,34,2613,0,pomelo,48.23
14,83,34,3840,0,pomelo,46.08
16,25,25,2774,0,pomelo,50.0
39,65,33,4871,1,pomelo,10.0
17,61,33,9273,0,pomelo,43.06
54,84,24,1845,0,pomelo,36.3
72,91,28,4260,0,pomelo,31.22
24,78,22,4145,0,pomelo,40.47
58,71,33,8802,1,pomelo,10.0
77,66,33,3263,1,pomelo,10.0
88,26,37,9636,0,pomelo,24.0
21,30,28,9155,1,pomelo,10.0
29,80,32,1922,0,pomelo,45.93
83,87,34,7695,1,pomelo,10.0
84,44,26,5288,0,pomelo,25.55
43,31,25,6758,0,pomelo,35.84
31,45,26,9131,0,pomelo,43.9
50,31,28,3630,0,pomelo,36.94
45,62,25,8816,0,pomelo,43.07
20,70,26,8556,1,pomelo,10.0
98,56,34,6930,1,pomelo,10.0
31,65,29,8000,0,pomelo,43.21
93,72,31,4512,0,pomelo,20.07
38,99,27,7066,1,pomelo,10.0
11,32,26,4722,0,pomelo,45.53
46,73,31,6648,0,pomelo,39.58
17,76,30,3060,0,pomelo,46.97
20,23,33,4034,0,pomelo,44.23
12,94,36,3387,0,pomelo,46.72
20,68,26,8008,0,pomelo,47.13
7,26,34,9031,0,pomelo,49.22
45,30,24,2799,0,pomelo,34.18
6,73,40,5407,1,pomelo,10.0
22,64,26,3780,0,pomelo,48.85
95,42,33,2127,0,pomelo,25.75
74,47,24,9530,0,pomelo,35.43
85,76,29,8365,0,pomelo,30.48
21,45,37,8611,0,pomelo,47.57
88,44,25,8535,0,pomelo,24.74
21,73,41,3808,0,pomelo,43.4
91,48,29,5297,0,pomelo,27.4
28,55,34,5559,0,pomelo,36.4
12,33,32,1448,0,pomelo,46.34
81,97,32,6008,0,pomelo,21.18
1,54,22,5893,0,pomelo,50.0
28,49,27,1793,1,pomelo,10.0
84,36,35,1436,0,pomelo,28.6
78,86,28,7012,0,pomelo,28.06
51,99,30,6869,0,pomelo,33.99
26,49,22,2620,1,pomelo,10.0
49,64,27,5308,0,pomelo,37.75
94,98,35,1948,0,pomelo,23.04
78,70,23,4944,0,pomelo,30.45
22,66,33,1191,0,pomelo,40.16
87,72,30,2403,0,pomelo,25.63
43,83,28,2990,0,pomelo,39.05
76,57,28,2104,0,pomelo,31.44
21,83,27,1548,1,pomelo,10.0
42,26,27,6761,0,pomelo,38.77
36,41,34,9762,0,pomelo,45.32
60,60,27,8903,0,pomelo,33.85
96,93,39,2784,0,pomelo,18.97
55,29,31,1804,0,pomelo,31.29
2,76,27,9990,1,pomelo,10.0
62,26,34,9802,0,pomelo,30.06
18,69,33,8517,0,pomelo,42.6
22,71,21,7831,0,pomelo,45.73
28,52,24,7917,1,pomelo,10.0
29,20,29,5238,0,pomelo,47.56
38,72,22,4260,0,pomelo,36.82
24,79,40,5367,0,pomelo,37.63
7,53,34,6651,0,pomelo,47.4
57,23,29,4371,0,pomelo,30.01
15,36,28,3093,1,pomelo,10.0
71,23,27,5001,0,pomelo,27.35
0,62,20,7556,0,pomelo,50.0
4,23,21,8810,0,pomelo,50.0
2,20,39,5554,0,pomelo,49.92
64,90,37,3517,0,pomelo,32.17
3,69,27,9697,0,pomelo,50.0
98,92,34,6805,0,pomelo,21.94
95,80,32,2096,1,pomelo,10.0
63,54,33,8061,0,pomelo,35.11
97,27,22,3204,0,pomelo,23.82
88,43,20,4902,0,pomelo,27.77
9,55,35,2352,0,pomelo,48.43
20,69,20,2596,0,pomelo,47.85
45,62,29,9767,0,pomelo,38.32
90,46,28,7980,0,pomelo,29.86
26,51,27,1679,1,pomelo,10.0
65,97,31,4712,0,pomelo,33.39
40,37,26,9509,0,pomelo,38.46
12,47,31,6301,0,pomelo,50.0
8,48,30,6734,1,pomelo,10.0
35,35,40,8981,1,pomelo,10.0
85,66,23,6892,0,pomelo,25.77
89,78,30,4696,0,pomelo,24.28
57,50,32,8129,0,pomelo,31.01
53,23,28,3996,0,pomelo,37.65
11,56,23,8237,0,pomelo,50.0
80,36,36,8327,1,pomelo,10.0
77,58,31,8407,0,pomelo,23.23
13,67,23,3542,1,pomelo,10.0
33,65,32,1678,0,pomelo,39.87
52,67,38,6366,0,pomelo,37.15
19,58,29,6643,0,pomelo,42.32
74,23,29,8410,0,pomelo,30.72
15,49,37,6541,1,pomelo,10.0
94,49,25,1834,0,pomelo,19.9
69,41,38,7026,0,pomelo,29.92
55,94,34,9472,0,pomelo,33.93
82,85,25,8970,0,pomelo,37.35
57,31,26,7818,1,pomelo,10.0
3,55,27,6028,0,pomelo,50.0
3,37,20,5703,0,pomelo,45.58
19,72,31,2772,0,pomelo,44.88
9,90,25,3164,0,pomelo,50.0
23,20,31,8111,0,pomelo,42.66
98,77,23,9383,0,pomelo,21.63
25,25,34,3835,0,pomelo,41.48
36,89,33,3665,1,pomelo,10.0
84,63,26,7113,0,pomelo,28.24
